step,epoch,batch_idx,D_loss,G_loss,T_loss,Wasserstein_dist
1,0,0,9.52383804321289,6.756941795349121,12.77357292175293,5.646405540082496
4,0,3,3185.6914653778076,389.8327956199646,6.903431415557861,4.48210880838848
7,1,1,2405.341766357422,1725.2766723632812,6.415071368217468,5.203791810224103
10,1,4,487367.5859375,3208.882781982422,9.197610855102539,4.917669512284923
13,2,2,515381.0286458333,2010.7835693359375,11.481072107950846,4.776608849375016
16,3,0,60750.176432291664,-359.89932680130005,11.770403226216635,4.320274734537009
19,3,3,2769.4508056640625,87.41520563761394,11.784299532572428,5.0438897163330925
22,4,1,753.6532287597656,38.32650375366211,11.50708802541097,4.609140629270754
25,4,4,302.86199951171875,19.85081164042155,11.90008513132731,4.807524147929812
28,5,2,207.12380981445312,7.0151848793029785,11.942808151245117,5.029457042671285
31,6,0,170.78194173177084,5.966696739196777,11.749347050984701,4.934953618867173
34,6,3,169.70956420898438,2.7600051164627075,12.096996307373047,4.7773525963947945
37,7,1,128.65399169921875,4.550516128540039,11.860718727111816,4.563963651041454
40,7,4,135.74833170572916,4.00056807200114,11.938918431599935,5.006197090304565
43,8,2,115.74079895019531,3.5251626819372177,11.695982615152994,4.537057913548151
46,9,0,106.79784647623698,6.488322734832764,11.758785883585611,4.725556064290082
49,9,3,84.81361897786458,7.150376319885254,11.844037373860678,4.456807808309236
52,10,1,62.81559753417969,11.171186129252115,11.628331184387207,4.753787391393241
55,10,4,70.32692972819011,10.5513277053833,11.909919738769531,4.626162274810102
58,11,2,61.14200083414713,10.843620618184408,12.170730908711752,4.068807220688868
61,12,0,61.509422302246094,13.605609258015951,11.743362108866373,4.412144470093341
64,12,3,47.19181569417318,12.136401176452637,11.590368588765463,4.332587304546718
67,13,1,35.74951426188151,12.629175504048666,11.900930722554525,4.228555711882394
70,13,4,37.33893330891927,14.66728432973226,11.878291130065918,4.875547845217361
73,14,2,31.862702051798504,13.726484616597494,11.906566619873047,4.489645190026185
76,15,0,26.57913335164388,15.896735827128092,12.103657086690268,4.881612923388411
79,15,3,27.89002736409505,18.328973452250164,11.75250244140625,5.11315090859683
82,16,1,20.24391746520996,22.199073155721027,11.62668482462565,4.526943225440711
85,16,4,26.9277826944987,21.421395619710285,11.559142112731934,4.881710082323071
88,17,2,16.784561157226562,20.66841189066569,11.719706853230795,4.602763521544159
91,18,0,13.674046834309896,16.848275502522785,11.974861780802408,4.792772578761891
94,18,3,10.78856341044108,19.131709416707356,12.032808939615885,4.2707895403927045
97,19,1,9.709664026896158,20.6743221282959,11.824146588643393,5.304952845957964
100,19,4,7.967302958170573,24.487810134887695,11.562555313110352,4.087043748214847
103,20,2,9.979576110839844,19.697917620340984,11.908148447672525,4.886556064423611
106,21,0,2.684207280476888,24.135355631510418,11.659146626790365,4.678673678716986
109,21,3,7.8938039143880205,24.745175043741863,11.83909543355306,4.64173027009738
112,22,1,7.985338846842448,22.26607322692871,11.918927510579428,4.458453788580297
115,22,4,4.2976125081380205,23.96935971577962,11.942257245381674,4.468840954970189
118,23,2,4.922267913818359,23.49455388387044,11.864757219950357,4.352841541100307
121,24,0,5.561930974324544,22.960103352864582,11.97076447804769,4.891019553399507
124,24,3,5.71638552347819,25.156258900960285,11.720497767130533,4.869867636014602
127,25,1,0.21314875284830728,22.838900248209637,11.93101437886556,4.298469662307697
130,25,4,2.6917031606038413,26.22434933980306,11.860661824544271,4.683809352603004
133,26,2,4.831223805745442,19.18234697977702,12.358457883199057,4.46583798705351
136,27,0,0.1312389373779297,24.36573664347331,11.87980047861735,4.874995504490607
139,27,3,-0.3867944081624349,27.05983606974284,11.792146682739258,4.774168720648606
142,28,1,2.317150115966797,22.88398806254069,12.180678367614746,4.373400389295128
145,28,4,-3.381352742513021,23.439090092976887,12.072611808776855,4.491685004643644
148,29,2,-1.1688626607259114,22.376017888387043,12.210556666056315,4.686081256553897
151,30,0,-3.846155802408854,24.73244794209798,11.931576093037924,4.49479744236329
154,30,3,-6.238440831502278,25.234586715698242,11.869095166524252,4.755840247478687
157,31,1,-2.67405637105306,21.547595977783203,12.179085731506348,4.884865764223496
160,31,4,-0.16543134053548178,25.25841013590495,11.846995035807291,4.517152192883824
163,32,2,-5.413904190063477,21.44045066833496,12.354832331339518,4.51039240246467
166,33,0,-6.410704930623372,26.395015716552734,11.922321637471518,4.3827283766069804
169,33,3,-3.747055689493815,27.355365753173828,11.929354985555014,4.384203587890059
172,34,1,-2.6064281463623047,24.672653834025066,12.196353594462076,5.00629511808185
175,34,4,-5.049907048543294,27.10625394185384,12.038057963053385,4.210341674066666
178,35,2,-2.3769124348958335,24.724164962768555,12.286461194356283,4.963643625132651
181,36,0,-4.408139546712239,29.022518157958984,12.180679003397623,4.3857005800913305
184,36,3,9.620566050211588,28.30608367919922,12.466166496276855,4.453524385104633
187,37,1,18.349987030029297,27.647632598876953,12.467078844706217,4.206307763276376
190,37,4,13.339985529581705,31.073298772176106,12.386916796366373,4.230446049923726
193,38,2,55.000091552734375,40.49585978190104,12.070296287536621,4.931135598804539
196,39,0,49.72647221883138,41.58749262491862,11.99129327138265,4.445641965532642
199,39,3,79.10819880167644,40.377062479654946,12.102573076883951,4.501432496938278
202,40,1,56.86812082926432,37.29560216267904,12.249160130818685,4.871203012157124
205,40,4,70.74860127766927,43.64515050252279,12.069899241129557,4.327132836273509
208,41,2,48.7733268737793,36.152469635009766,12.276764551798502,5.037319281314361
211,42,0,78.13562520345052,26.96169090270996,12.12908967336019,4.6382215670279265
214,42,3,58.77941640218099,38.61457824707031,12.008346557617188,4.834467501191525
217,43,1,47.13086827596029,32.03891690572103,12.319965362548828,4.445169630145273
220,43,4,26.695969263712566,28.038550059000652,12.588310241699219,4.759786807299112
223,44,2,40.096977869669594,25.079851786295574,12.333578109741211,4.344064327307002
226,45,0,33.086243311564125,28.62531344095866,12.41527525583903,4.237681503409517
229,45,3,23.09378496805827,31.885812759399414,12.394830067952475,4.5944036954452825
232,46,1,24.98142687479655,25.09874979654948,12.09312915802002,4.746370064407818
235,46,4,17.687533696492512,23.24827003479004,12.55061403910319,4.797747104301325
238,47,2,30.3754145304362,30.03140385945638,12.331292152404785,4.492540795292217
241,48,0,21.064183553059895,17.76378631591797,12.537053743998209,4.713109011720634
244,48,3,14.57147471110026,23.844249725341797,12.54538663228353,4.050249754896043
247,49,1,7.097394307454427,24.858203252156574,12.505660692850748,4.310563310179645
250,49,4,14.380181630452475,24.58721097310384,12.207256952921549,4.688876215955811
253,50,2,9.934575398763021,21.798045476277668,12.587876319885254,5.0582698007130675
256,51,0,6.881083806355794,24.7311274210612,12.463068962097168,5.086449728018586
259,51,3,2.341083526611328,27.742457071940105,12.398322423299154,4.242046519874029
262,52,1,10.539946873982748,23.895801544189453,12.256750424702963,4.893365513317556
265,52,4,7.25118350982666,24.125864664713543,12.235661824544271,4.798588632833701
268,53,2,5.44413948059082,19.921250979105633,12.664230028788248,4.538428969663632
271,54,0,4.4979203542073565,20.132508595784504,12.366333961486816,4.5795565807981795
274,54,3,5.168465932210286,20.533597946166992,12.695302645365397,5.074867435588289
277,55,1,3.583001454671224,20.461044947306316,12.402145385742188,4.442406308252505
280,55,4,6.141110102335612,19.40105628967285,12.434617678324381,4.106004406880747
283,56,2,4.014030456542969,16.545073827107746,12.744608879089355,4.908923089378294
286,57,0,2.3098106384277344,21.11436716715495,12.439311981201172,4.850981797275813
289,57,3,1.177991231282552,21.542966842651367,12.483165740966797,4.963169127677086
292,58,1,1.625689188639323,16.78884792327881,12.669682184855143,4.5382822219512
295,58,4,0.3047326405843099,17.796925226847332,12.66161314646403,5.2674268722763244
298,59,2,-0.7703355153401693,18.098779042561848,12.801530520121256,4.683777357382927
301,60,0,-1.2836354573567708,16.649383544921875,12.786410013834635,4.966601340371445
304,60,3,1.035646120707194,12.94943650563558,12.842525482177734,4.917340193427104
307,61,1,-4.10347843170166,16.095699946085613,12.859891573588053,4.866828238010625
310,61,4,0.7062829335530599,13.563283920288086,13.073707580566406,4.617443719079118
313,62,2,0.23502286275227866,16.303874969482422,12.669790267944336,4.511687035791265
316,63,0,0.10726992289225261,15.424903869628906,12.79781977335612,4.382331516492072
319,63,3,0.14266554514567056,12.967493375142416,12.919853846232096,4.3540222806307645
322,64,1,1.145999272664388,11.764592488606771,13.177829106648764,3.822340247607414
325,64,4,-1.3072535196940105,12.622532526652018,12.988633155822754,4.409271688930295
328,65,2,-5.143633524576823,14.969367663065592,12.85382874806722,4.410355198492685
331,66,0,-2.992039362589518,15.06210740407308,12.860737482706705,4.202148951501475
334,66,3,-0.1987765630086263,13.433576265970865,13.059945106506348,4.647515085375715
337,67,1,-2.1196060180664062,11.781025250752768,13.176902453104654,4.1066753279179835
340,67,4,-1.389927864074707,15.185663541158041,12.85779889424642,4.203748025346882
343,68,2,-4.4148562749226885,11.925609270731607,13.22995408376058,3.658742651026289
346,69,0,-3.144303639729818,8.8348601659139,13.413544019063314,4.523099719525402
349,69,3,-3.6475960413614907,9.086924235026041,13.34099038441976,4.505527006453617
352,70,1,-2.2139622370402017,7.590403397878011,13.445640881856283,4.319716981308755
355,70,4,0.7887360254923502,12.560686747233072,13.00326410929362,4.9850265092162305
358,71,2,-4.750913619995117,10.230116526285807,13.213393529256185,4.403548719657622
361,72,0,-4.034623463948567,10.840465227762857,13.209460576375326,4.576504344107454
364,72,3,-2.7194204330444336,7.699507395426433,13.413604100545248,4.804371475360128
367,73,1,-1.213617483774821,5.8460977872212725,13.511873881022135,4.340526293133315
370,73,4,0.017722288767496746,6.442453225453694,13.374957084655762,4.05371356394747
373,74,2,0.9137991269429525,3.87813131014506,13.557614962259928,4.120917573362558
376,75,0,-0.5941437085469564,3.01676873366038,13.584966341654459,4.344543563684062
379,75,3,1.438188870747884,3.3769659996032715,13.629292170206705,4.372230744469285
382,76,1,1.0944911638895671,3.2413672606150308,13.644426345825195,4.425076708099815
385,76,4,0.11743227640787761,2.5781200726826987,13.685516039530436,4.396765460718272
388,77,2,0.674732526143392,3.992727279663086,13.57624085744222,4.4945701594926115
391,78,0,1.1035035451253254,3.2262022495269775,13.527639389038086,4.138582550170461
394,78,3,0.7381285031636556,2.8390350341796875,13.597263971964518,4.687218622207589
397,79,1,-0.44628477096557617,2.9070929686228433,13.569609006245932,4.678015541382182
400,79,4,1.2846520741780598,2.530879497528076,13.664125124613443,3.9965862228477564
403,80,2,0.22352377573649088,2.894015312194824,13.650132815043131,4.3428755981060965
406,81,0,-1.4576589266459148,1.9091561635335286,13.784765561421713,4.610114588497992
409,81,3,-0.6521207491556803,3.4631552696228027,13.59852123260498,5.1792291588605
412,82,1,1.132733662923177,3.2481701374053955,13.556047439575195,5.135999151985994
415,82,4,0.552678108215332,3.027451753616333,13.658063570658365,5.463344000751351
418,83,2,0.13031911849975586,3.3086612224578857,13.589748700459799,4.972391320535888
421,84,0,0.4404597282409668,3.97897736231486,13.444808642069498,4.709601121114809
424,84,3,-0.45197105407714844,3.2728652954101562,13.425861040751139,4.787471020508886
427,85,1,0.2727726300557454,3.2023229598999023,13.48863951365153,4.674320114784015
430,85,4,-0.49573151270548504,2.833266337712606,13.425954500834147,4.891953706582939
433,86,2,0.7946084340413412,2.156281352043152,13.53830337524414,5.035379321640453
436,87,0,0.91522216796875,2.7019969622294107,13.418927192687988,4.625613489555997
439,87,3,-0.5250778198242188,2.4265231688817344,13.432982126871744,5.1455829984763755
442,88,1,-0.2751766045888265,2.5166472593943277,13.365825970967611,5.0385806602723475
445,88,4,-1.3029303550720215,3.2229838371276855,13.263256708780924,5.39340176104741
448,89,2,-1.2868353525797527,3.0302013158798218,13.263562202453613,4.282551490422066
451,90,0,-0.557449738184611,2.990466356277466,13.269370396931967,4.774938631715243
454,90,3,-1.3984587987263997,3.059773047765096,13.144547780354818,4.715062379592954
457,91,1,-2.1064571539560952,3.412276268005371,13.085968017578125,4.748433445971135
460,91,4,-2.748560825983683,3.1201794942220054,13.047698338826498,4.695724418956882
463,92,2,-1.0006028811136882,2.7721587419509888,12.952608744303385,4.308569457087171
466,93,0,-1.441724379857381,2.5920764605204263,13.00066884358724,4.297225846807006
469,93,3,-0.49451351165771484,1.5945728023846943,12.988787651062012,3.9894541272525825
472,94,1,-1.1316946347554524,1.61440908908844,12.628619829813639,3.3515345813858866
475,94,4,1.126773993174235,1.880158543586731,12.478700955708822,4.399042691674844
478,95,2,1.7851676940917969,1.4893529415130615,12.380010286966959,5.367130356989953
481,96,0,2.344944874445597,0.9451698263486227,12.189716021219889,5.234714665325806
484,96,3,1.1566938559214275,1.133926252524058,11.91073735555013,5.939861871017229
487,97,1,1.4031435648600261,1.1677612860997517,11.822426478068033,5.7465341255888385
490,97,4,1.5622479915618896,1.2808587948481243,11.454006512959799,5.777111527416699
493,98,2,0.5789447625478109,1.4043025175730388,11.22526486714681,6.39665986706792
496,99,0,0.09967231750488281,1.135791301727295,11.020672480265299,6.256411065414135
499,99,3,1.285119632879893,1.9160823822021484,10.994908332824707,5.313398379369212
502,100,1,3.0930775006612143,1.8903797467549641,10.96718947092692,6.214312054519344
505,100,4,1.7003211577733357,3.4039231141408286,10.449005126953125,5.189992148107765
508,101,2,1.2499044338862102,2.902848243713379,9.986523946126303,6.306923330279493
511,102,0,0.5990005334218343,4.308247407277425,9.557831764221191,5.2462642694284245
514,102,3,0.45240827401479083,5.594172954559326,9.341790199279785,5.197380572716958
517,103,1,-1.1055349111557007,6.113505999247233,9.4150390625,5.274312100080205
520,103,4,-1.6264783143997192,5.895845095316569,9.580324172973633,5.321341853154707
523,104,2,-0.7231171131134033,5.549280643463135,10.013238588968912,6.733615932976769
526,105,0,-1.5667767524719238,5.896666685740153,10.222402890523275,5.386983998493901
529,105,3,-1.6348337332407634,5.060783863067627,10.93271001180013,5.178738085403366
532,106,1,-0.7621715068817139,3.815698782602946,11.590640385945639,5.722240594046443
535,106,4,-0.5811899900436401,3.5288856824239097,11.768905639648438,4.3222507486318
538,107,2,-0.8095107078552246,3.2021119594573975,11.778559048970541,5.3414098151491345
541,108,0,-0.48356354236602783,3.0468033154805503,11.526586214701334,5.20161827195179
544,108,3,-1.0104481776555378,2.83627716700236,11.301880836486816,5.1497854638041485
547,109,1,-0.9183267752329508,2.957927862803141,10.545770327250162,4.980484630962196
550,109,4,-1.7879811922709148,3.8064796924591064,10.19720427195231,5.348121671992996
553,110,2,-1.2376548449198406,3.916909138361613,10.063920021057129,4.715021628865057
556,111,0,-1.1598594983418782,3.7277026176452637,9.969038327534994,4.476316000631636
559,111,3,-1.7594139575958252,4.261726458867391,9.588853200276693,5.3490213619480675
562,112,1,-1.640148917833964,4.6541984875996905,9.973090807596842,5.299561618514152
565,112,4,-0.6348901192347208,3.0702357292175293,10.514949162801107,4.63474966434561
568,113,2,-1.3262123664220173,3.60732364654541,10.517132759094238,5.6499155352330455
571,114,0,-1.561538577079773,3.0673619906107583,10.392878532409668,5.115753671304384
574,114,3,-1.5024700164794922,3.7091774145762124,10.234826723734537,4.9044229484678175
577,115,1,-1.24720295270284,3.6076342264811196,10.507832845052084,4.634988353839275
580,115,4,0.27977736790974933,3.2219881216684976,10.831459681193033,4.180251184385681
583,116,2,3.721858024597168,1.7460135221481323,11.315961837768555,3.5259366138844714
586,117,0,8.35141118367513,5.441148241360982,11.288802146911621,3.9710026538791006
589,117,3,1.6342647075653076,6.032287120819092,11.892271041870117,3.7578475711080124
592,118,1,-0.2526814142862956,2.85274871190389,12.221218427022299,4.3249759649307675
595,118,4,0.7029750347137451,1.8467729091644287,12.332564036051432,3.988783980876624
598,119,2,1.0389871994654338,2.053322116533915,12.414609909057617,3.3166880313107256
601,120,0,0.45129061738650006,2.027726650238037,12.306445757548014,3.3216267884469928
604,120,3,0.8103219270706177,3.045288403828939,12.212604204813639,3.6591245023373378
607,121,1,0.541647712389628,1.821470061937968,12.306208928426107,3.609769600725335
610,121,4,0.6756623089313507,1.4561112721761067,12.198225975036621,3.579568549266082
613,122,2,0.6407173077265421,2.2591189543406167,12.11625893910726,3.208048992164656
616,123,0,0.5991883079210917,1.6446583271026611,12.158946673075357,3.049270092009616
619,123,3,0.08231281737486522,1.9053912162780762,11.98933219909668,2.293274848952926
622,124,1,0.12166889508565266,2.1428908109664917,12.164150555928549,2.7129946469941135
625,124,4,-0.24899701277414957,1.2503884236017864,11.821271578470865,2.6640497735307336
628,125,2,-0.032823373874028526,2.0113062461217246,11.418938954671225,2.9579445352772242
631,126,0,-0.08324621121088664,2.5443774859110513,11.28640619913737,2.995689145563626
634,126,3,-0.5874716639518738,2.7946810722351074,10.998117764790853,2.8315050970303433
637,127,1,-0.2165112098058065,2.3950396378835044,11.45274543762207,3.110100501866551
640,127,4,-0.00966001550356547,2.539703289667765,11.224311828613281,2.9718233805666254
643,128,2,-0.5422891676425934,2.1904896895090737,11.173754374186197,3.0679284087945287
646,129,0,-0.5180723468462626,1.9166152477264404,11.05691146850586,3.2951266175863836
649,129,3,-0.3253326416015625,3.9515439669291177,10.699931780497232,3.3205267348570984
652,130,1,-0.08340586225191753,3.4592339197794595,11.273622512817383,3.733662276684617
655,130,4,0.27109583218892414,1.3134745955467224,12.065572420756022,3.6665248836426496
658,131,2,0.3255613446235657,1.833453377087911,11.526804288228353,2.4383307955956717
661,132,0,-0.17471071084340414,2.4649895826975503,11.481513659159342,3.2625916155787373
664,132,3,0.07375079890092213,2.8493648370107016,11.860819816589355,2.7855564659868812
667,133,1,0.36507530013720196,2.501704136530558,11.876453717549643,3.4534933059754813
670,133,4,-0.5729965368906657,1.5172690947850545,11.633393923441568,3.4807769138443176
673,134,2,-0.458423912525177,1.6030983924865723,11.02502695719401,2.645027398869322
676,135,0,-0.8681451479593912,2.8196118672688804,10.832146008809408,2.752401044796579
679,135,3,-0.6338814894358317,3.00092347462972,11.232713381449381,3.534578266496436
682,136,1,-0.5174795587857565,2.20175572236379,11.380801518758139,2.574088636284072
685,136,4,-0.15739755829175314,1.8363399505615234,11.495023409525553,3.0468522663694046
688,137,2,-0.4773694674173991,2.855069637298584,11.213021278381348,3.716220310638441
691,138,0,-0.40704071521759033,3.13562273979187,11.074845949808756,2.447619278626018
694,138,3,-0.5310509204864502,2.5685104529062905,11.29156462351481,3.1712001960335505
697,139,1,-0.8261387149492899,2.8877875010172525,10.902400334676107,3.220547372801132
700,139,4,-0.9308245380719503,2.695854981740316,10.988489468892416,3.7064947591847024
703,140,2,-0.3185742100079854,3.2040866216023765,11.226079940795898,3.7380223144515163
706,141,0,-0.26314900318781537,2.593917449315389,11.714412371317545,3.8013775198984487
709,141,3,-0.3606250484784444,2.856624444325765,11.63856315612793,3.3561151441296855
712,142,1,-0.24268652002016702,1.8015961647033691,12.085776964823404,3.710364471156247
715,142,4,-0.024318218231201172,1.3198721806208293,11.925738016764322,3.9885621578598944
718,143,2,-0.46256738901138306,2.006422758102417,11.426342646280924,3.1541450634161396
721,144,0,-0.8412735462188721,2.967483917872111,11.186166445414225,3.949574827067252
724,144,3,1.7656588554382324,2.7117414077123008,11.220159848531088,4.07217793148195
727,145,1,1.2044639786084492,2.2026110887527466,11.812272071838379,2.870859420150507
730,145,4,-0.006538271903991699,3.0220778783162436,12.118560473124186,3.0862493540109672
733,146,2,-0.06648614505926768,1.8265187342961628,12.479158719380697,2.9633070847119267
736,147,0,-0.27730315923690796,1.2796696027119954,12.072590192159018,2.684920224493178
739,147,3,-1.1303907831509907,2.3058170477549234,10.925480842590332,3.145446567545809
742,148,1,-0.711427907148997,3.4046947161356607,11.236279169718424,2.899251286135699
745,148,4,-0.09356464445590973,2.590400139490763,12.079949378967285,3.8546384295160405
748,149,2,-0.27733327945073444,1.7376688718795776,11.941436767578125,2.329005922083876
751,150,0,-0.611241082350413,1.6672950585683186,11.501995404561361,3.3061502731777246
754,150,3,-0.47469215591748554,3.390633742014567,11.328238805135092,3.1946694635434354
757,151,1,0.034351845582326256,3.4623406728108725,12.001565297444662,3.0231990963623616
760,151,4,-0.27034740646680194,1.0927485823631287,12.360607147216797,2.7177727778946075
763,152,2,-0.325360228617986,0.5072511037190756,11.985543251037598,2.877350398653563
766,153,0,-1.3573735157648723,3.5216116905212402,10.742492039998373,3.6746870304332853
769,153,3,-0.9482665558656057,4.1955641110738116,11.594572067260742,3.328928644552516
772,154,1,0.240060160557429,1.954905390739441,12.560381571451822,3.1848425786546457
775,154,4,-0.2045267919699351,0.5536838471889496,12.526283582051596,2.7134010040024052
778,155,2,0.24541708827018738,0.2968652496735255,12.531191190083822,2.7986024763211046
781,156,0,-0.1464115579922994,1.7026830911636353,12.106235186258951,3.0724186294093703
784,156,3,0.0865657776594162,3.158104737599691,11.91519292195638,3.052004854967977
787,157,1,-0.09937474131584167,2.1624712546666465,12.54412841796875,2.703979374680048
790,157,4,0.18156127631664276,1.039242108662923,12.371872266133627,3.0081964997450985
793,158,2,0.06199313203493754,0.7493248581886292,11.703145345052084,2.3219776966523
796,159,0,-0.16282526652018228,2.2692585786183677,12.08630084991455,2.042991906638106
799,159,3,0.1309638818105062,3.9469056924184165,12.37486489613851,3.060495319808343
802,160,1,-0.2637595534324646,1.8876803716023762,12.543782234191895,2.6206385572811857
805,160,4,0.6925140023231506,0.27629656391218305,12.617521603902182,3.0989706453584964
808,161,2,0.47520262996355694,1.1644909878571827,12.625012397766113,2.5085172956482027
811,162,0,0.4328667124112447,1.9610598882039387,12.694341341654459,2.8454980299001256
814,162,3,0.29770227273305255,1.8565171162287395,12.631840387980143,3.0222269663290704
817,163,1,-0.012903456886609396,0.7191648979981741,12.776068369547525,2.413149955448598
820,163,4,-0.045463383197784424,1.2404597004254658,12.554014523824057,2.504032796042695
823,164,2,-0.018887102603912354,2.075106223424276,12.31699275970459,3.00879410253494
826,165,0,-0.30567461252212524,1.670895020167033,12.225380261739096,3.285400782812207
829,165,3,-0.26339979966481525,1.1833535432815552,12.305340766906738,3.5941376480788665
832,166,1,-0.43611882130304974,2.314606865247091,11.59648863474528,3.415229778996217
835,166,4,-0.9312188426653544,3.871393918991089,11.816284815470377,3.5501183029905086
838,167,2,0.15371450781822205,1.8751760323842366,12.4297243754069,3.9222480917922486
841,168,0,-0.4475933114687602,0.7525127728780111,12.310678799947103,3.6540707229856797
844,168,3,-0.4569981594880422,1.361611048380534,11.804471333821615,3.456390613985166
847,169,1,-1.179190754890442,3.659537156422933,11.152934710184732,3.810867008748962
850,169,4,-0.34596508741378784,3.3913254737854004,11.635680516560873,3.6423937683109457
853,170,2,-0.5710418522357941,1.7189851601918538,11.779603958129883,3.6424687413498913
856,171,0,-0.2498087485631307,1.6089138984680176,11.494588216145834,3.773212867749059
859,171,3,-0.6184966961542765,3.6954237620035806,11.251873970031738,3.6811814928983764
862,172,1,-0.5666103760401408,3.267904837926229,11.688699722290039,3.065702188485993
865,172,4,-0.6656553546587626,1.7896135648091633,12.042568842569986,3.682543108000495
868,173,2,-0.2936028043429057,1.7718859513600667,11.96655559539795,4.266926974408109
871,174,0,-0.2214177002509435,2.3808721701304116,12.066667238871256,3.8703546497895913
874,174,3,-0.29308873414993286,2.203784624735514,12.289088567097982,3.679708750527249
877,175,1,-0.5222944021224976,1.4294564326604207,12.001707712809244,3.104604023462388
880,175,4,-0.019943535327911377,2.2573759953180947,11.674633661905924,3.030541164003441
883,176,2,0.16868412494659424,2.6787962118784585,11.856914202372232,2.9552663463988487
886,177,0,-0.10902567207813263,0.8585277795791626,12.700334866841635,3.0652123141615335
889,177,3,0.4726386268933614,0.9601353506247202,12.090489069620768,2.7300881782162336
892,178,1,-0.2515604794025421,3.5697142283121743,11.904587109883627,2.7047675651936314
895,178,4,0.5636152823766073,2.3231389919916787,12.707013765970865,3.6774268328958386
898,179,2,1.1467172900835674,0.3643772304058075,13.168312708536783,2.886928579241848
901,180,0,0.6597138345241547,0.5730841060479482,12.55483595530192,2.370500903391808
904,180,3,0.35032471021016437,2.120072364807129,12.177535692850748,2.6225028050114894
907,181,1,0.5002249106764793,2.188907345136007,12.994974454243978,3.1731836615236317
910,181,4,0.5450584789117178,0.9851529002189636,12.981983184814453,3.177548691939464
913,182,2,0.18076302607854208,0.8407896558443705,12.958680470784506,2.9795125919581174
916,183,0,0.3680879275004069,1.6186342636744182,12.686277071634928,2.8425130241189493
919,183,3,-0.38396165271600086,1.9808624982833862,12.661396344502768,3.662938981431053
922,184,1,0.21790362894535065,1.5657012065251668,12.739549001057943,3.5993094688854304
925,184,4,-0.40302178263664246,0.22816973241666952,12.688623110453287,4.113668217254194
928,185,2,-0.2893285006284714,1.6677379409472148,11.882930755615234,3.8809175568806578
931,186,0,-0.7126952807108561,5.136312007904053,11.50691032409668,3.5591727271087907
934,186,3,-0.01779213547706604,1.4712685346603394,12.844365437825521,4.2283821958769865
937,187,1,-0.6412055691083273,-0.5511141121387482,12.666150410970053,3.7144985166937463
940,187,4,-0.1596026619275411,3.773582617441813,11.202884356180826,3.1268232337235182
943,188,2,-0.8382942279179891,4.244891166687012,11.462628682454428,3.15104172050126
946,189,0,-0.028370330731074016,1.8665303190549214,12.488729476928711,3.6992777811682003
949,189,3,0.2556849221388499,0.5681151151657104,12.776180585225424,3.4019851821110456
952,190,1,0.025786439577738445,1.8016643524169922,12.19192886352539,3.428068364845085
955,190,4,-0.5838069915771484,3.5523250102996826,12.078255653381348,3.8162302204345955
958,191,2,0.3977602372566859,1.391173005104065,13.164759953816732,3.566455330226539
961,192,0,0.801570455233256,-0.469801127910614,13.313325564066568,3.1313542682685047
964,192,3,0.6152332425117493,-0.2637055317560832,12.755871136983236,2.848595757519654
967,193,1,0.19579870998859406,2.6776002645492554,12.34374968210856,2.6109480161945924
970,193,4,0.39484403530756634,3.74696151415507,12.307535489400228,3.4283661401444903
973,194,2,0.5802966554959615,-0.3634789635737737,13.368590672810873,3.0204652176967035
976,195,0,1.2446009715398152,-1.8784823417663574,13.18448289235433,2.4690114932070593
979,195,3,4.0216976801554365,0.7976846297581991,12.389280637105307,2.1333328272789376
982,196,1,-0.3441277742385864,7.3708922068278,12.684886932373047,2.9958382572918425
985,196,4,0.4008275866508484,1.6254146297772725,13.318301518758139,4.139117005222194
988,197,2,-0.2259537080923716,-0.26308951030174893,13.361041386922201,4.119289523994659
991,198,0,-0.34452229738235474,0.6520815789699554,13.209210077921549,4.119896038684913
994,198,3,-0.10738671322663625,1.6834964354832966,12.4787966410319,3.339486934000591
997,199,1,-0.18846120436986288,1.4666186571121216,13.127899487813314,3.3703410059887964
1000,199,4,-0.03992906709512075,1.0976762572924297,13.28205680847168,3.4658918152711116
1003,200,2,-0.05401591956615448,0.748162587483724,12.860586166381836,3.4729132222892307
1006,201,0,-0.25741444031397503,0.9738101760546366,12.597511927286783,3.4699443500754072
1009,201,3,-0.4038594961166382,2.6600131591161094,11.664383252461752,3.7681772126999022
1012,202,1,-0.23534037669499716,3.2365876833597818,11.622546195983887,3.308259548716683
1015,202,4,-0.32740432024002075,1.524817983309428,12.476497968037924,4.170682636183124
1018,203,2,0.058653424183527626,1.352013111114502,12.790909131368002,3.453265455099393
1021,204,0,0.13536571462949118,1.1990649501482646,12.686296780904135,3.814389566624987
1024,204,3,-0.20199938615163168,0.7835003733634949,12.14564577738444,4.256695684211009
1027,205,1,-0.27120814720789593,2.5644589265187583,11.872670809427897,3.676709572394863
1030,205,4,0.40095268686612445,2.392336130142212,12.806976318359375,3.250159724394614
1033,206,2,0.14442328612009683,1.493352750937144,12.747584025065104,3.9969450424903328
1036,207,0,0.23525420824686685,-0.08588759197543065,13.255460103352865,3.490681062862189
1039,207,3,0.16992211838563284,0.9264362653096517,12.75235652923584,3.212531419332501
1042,208,1,-0.47289298971494037,2.444493611653646,12.659361203511557,3.2966865436279225
1045,208,4,0.3631627509991328,1.6224897503852844,13.226546923319498,3.545307375666687
1048,209,2,0.10969044764836629,-0.48745543758074444,13.289632797241211,2.7117575141543804
1051,210,0,0.36189759771029156,-0.3411192496617635,12.577530860900879,2.796571618662526
1054,210,3,-0.35961248974005383,3.7395772139231362,11.772347450256348,2.99004213895925
1057,211,1,0.06829860806465149,3.646417776743571,12.466537793477377,3.248552795194049
1060,211,4,0.27009307344754535,0.015849281412859757,13.355374018351236,2.9894091058797088
1063,212,2,0.13339888056119284,-1.2013540665308635,12.871285756429037,3.1568034320602827
1066,213,0,-0.0772192378838857,2.964863588412603,11.793329238891602,2.700420637932151
1069,213,3,-0.8080085813999176,5.022725423177083,12.092918713887533,3.6398480360809677
1072,214,1,0.23050009707609811,1.8391689260800679,12.927266120910645,4.534450835916438
1075,214,4,-0.28486613432566327,-0.5156111729641756,13.11255677541097,4.365122977255133
1078,215,2,-0.10567786296208699,-0.11659521361192067,12.603972434997559,3.2227005241528865
1081,216,0,-0.7032104929288229,3.11063559850057,12.301898002624512,3.8314746516169333
1084,216,3,0.015643835067749023,2.9595099290211997,12.485468546549479,4.398856256614736
1087,217,1,-0.09726840257644653,0.3085426886876424,13.192627588907877,4.715385041566699
1090,217,4,0.48749969402949017,-0.4278290073076884,12.565656344095865,3.3272492274764787
1093,218,2,-0.4401904841264089,3.2749127546946206,11.935088793436686,2.819497278152029
1096,219,0,-0.19748705625534058,3.115762631098429,12.785770098368326,5.0420430600399415
1099,219,3,0.3134971310695012,0.24584666887919107,13.361859003702799,3.576763087466297
1102,220,1,0.07274275024731953,-0.5970321098963419,13.09091599782308,3.0986650061941603
1105,220,4,-0.33844586213429767,1.6247668067614238,12.289815902709961,2.7161625325093284
1108,221,2,-0.4168948431809743,2.4258894522984824,12.696757634480795,3.4850672785650025
1111,222,0,0.271020770072937,1.09804634253184,12.907180468241373,3.688091212049656
1114,222,3,0.17052087684472403,-0.13076862941185632,12.873774846394857,3.6423898861525745
1117,223,1,0.06512780487537384,1.539941390355428,11.971467018127441,3.339948962617377
1120,223,4,-0.7653216520945231,3.2290496031443277,12.5025053024292,3.2759725772473605
1123,224,2,0.8191103339195251,1.9554611047108967,13.007160822550455,3.644295499245999
1126,225,0,0.1756042242050171,-0.7274558693170547,13.012628555297852,3.672825249304207
1129,225,3,0.1622752050558726,0.13434910774230957,12.451340993245443,2.0324404261988995
1132,226,1,-0.1773567497730255,2.4479827086130777,12.379029909769693,2.439687235194913
1135,226,4,0.07986494898796082,2.9212374687194824,12.577460606892904,3.031160079926123
1138,227,2,0.11808984975020091,0.7594571361939112,12.960908889770508,3.3142882336520323
1141,228,0,-0.2474722017844518,0.055225071807702385,13.067952156066895,2.3722080650113564
1144,228,3,-0.09729174276192983,1.3633626302083333,12.64061450958252,2.0795789713220882
1147,229,1,-0.09505538145701091,2.977979898452759,13.058362007141113,2.3835470642391474
1150,229,4,0.5319125105937322,1.144223392009735,13.50128142038981,3.3185375257301692
1153,230,2,-0.0554148405790329,-0.893528570731481,13.375798861185709,2.9563979372648297
1156,231,0,0.02184903621673584,0.6569453775882721,12.248679161071777,2.375552098981806
1159,231,3,-0.4669550955295563,4.272286097208659,12.373697598775228,2.3666826445000764
1162,232,1,0.01858377953370412,1.710772156715393,13.132001241048178,3.3239589117638357
1165,232,4,-0.039159148931503296,-0.15294828017552695,13.318862915039062,3.343462020665992
1168,233,2,0.3226354519526164,-1.224192460378011,13.053979555765787,2.439764937217095
1171,234,0,0.07208538055419922,1.4592957894007366,12.50354258219401,2.6135387311708995
1174,234,3,-0.11152220765749614,2.8080164591471353,12.179854075113932,2.9657232703016425
1177,235,1,0.028830164422591526,2.1452078819274902,12.929718335469564,3.0615011113165544
1180,235,4,0.07811312874158223,0.6693680087725321,13.051733016967773,3.25652877807204
1183,236,2,-0.14853185415267944,-0.2829566237827142,12.241435050964355,2.9200736320749088
1186,237,0,-0.14128105839093527,2.475022872289022,12.29145081837972,2.536380762765282
1189,237,3,0.5081715285778046,3.274196227391561,12.991074244181315,3.026554132446376
1192,238,1,0.6169172649582227,0.5944516981641451,13.41659418741862,2.886563828628905
1195,238,4,0.15833320220311484,-1.6083468596140544,12.604839007059732,2.914224477831383
1198,239,2,-0.6422119140625,2.4551722208658853,11.64914067586263,1.7643937990626142
1201,240,0,-0.5394407312075297,4.768286307652791,12.485979398091635,3.67328761830683
1204,240,3,0.6578464309374491,1.0630349218845367,13.324257214864096,3.0124545350316105
1207,241,1,-0.16925789912541708,-1.5707762042681377,12.873550415039062,2.6407441677592707
1210,241,4,-0.18659946819146475,1.918816735347112,12.372851689656576,2.180975547213504
1213,242,2,0.1710050900777181,4.695392608642578,12.635853131612143,3.4616422510629836
1216,243,0,0.7740415930747986,0.3307805856068929,13.173019409179688,4.233939729866134
1219,243,3,0.1418186922868093,-1.9057575066884358,13.166240692138672,2.9331891229997082
1222,244,1,-0.06818278630574544,2.656752427419027,11.604969024658203,2.7022307447320197
1225,244,4,-0.40914525588353473,5.437809308369954,12.179410616556803,2.558239270322227
1228,245,2,0.32420291503270465,1.7821100950241089,12.653797467549643,4.4952346517718675
1231,246,0,-0.22770615418752035,-0.9709598024686178,13.300279299418131,2.7781262177010446
1234,246,3,0.14998596906661987,-0.890034252156814,12.688396135965982,2.156174793462981
1237,247,1,-0.48054208358128864,2.819262663523356,11.863260587056478,2.1720519421080433
1240,247,4,-0.11999858170747757,4.684060732523601,12.47213045756022,3.373408384401914
1243,248,2,0.9821911652882894,1.1156403354058664,13.133055686950684,3.789389043848353
1246,249,0,-0.15360925098260245,-1.552925984064738,13.204212506612143,3.6697843519415767
1249,249,3,-0.01752266784509023,0.0949622243642807,11.610119501749674,2.702448014637122
1252,250,1,-1.1901882886886597,6.639326413472493,11.478889147440592,2.848061925967125
1255,250,4,0.9398016134897867,2.6739578247070312,13.07218074798584,3.501460202008906
1258,251,2,0.366116334994634,-0.3008141020933787,13.351422627766928,3.54224447929132
1261,252,0,0.00791044533252716,-1.9587230682373047,12.930227279663086,2.737436020495281
1264,252,3,-0.40144583582878113,2.115528238316377,11.886622428894043,2.707939198885851
1267,253,1,-0.14517837762832642,4.4264302253723145,12.251018842061361,2.329966461221645
1270,253,4,0.4752061466375987,2.4831836223602295,13.145825703938803,2.871481854023807
1273,254,2,0.7454590996106466,0.7376787004371484,13.263599713643393,3.0751878246887028
1276,255,0,-0.1405377189318339,-1.177961528301239,13.179400126139322,2.7432238249686693
1279,255,3,0.19518879304329553,-0.4490143557389577,12.652887662251791,2.0579053932489315
1282,256,1,-0.25888819992542267,2.914734959602356,11.846532185872396,2.2234617927320137
1285,256,4,0.08316963414351146,4.333918174107869,12.643825848897299,2.4548752593516117
1288,257,2,0.5139423608779907,1.9023319880167644,13.230674743652344,3.150520692127935
1291,258,0,-0.2221163958311081,-1.2188891749829054,13.199946403503418,3.1167743404244503
1294,258,3,0.4798111468553543,-1.3413826028505962,12.470674514770508,2.038826407692072
1297,259,1,-0.707998792330424,4.72944990793864,11.463566780090332,1.9412700598043606
1300,259,4,0.04086172580718994,4.725778341293335,12.474269231160482,2.943096941000931
1303,260,2,0.4549158662557602,0.7815320258960128,13.551372845967611,2.8423950058851193
1306,261,0,-0.29870695372422534,-1.732100824515025,13.39301586151123,2.7412079882456784
1309,261,3,0.3793668250242869,-0.8914817174275717,12.837302525838217,1.9889857628367185
1312,262,1,-0.7313428521156311,5.188363154729207,11.654688835144043,2.278299303799849
1315,262,4,0.0745684951543808,3.9490932623545327,12.759480794270834,2.038948966042762
1318,263,2,0.4051591257254283,1.171102946003278,13.21332581837972,3.2905948995478753
1321,264,0,-0.021142373482386272,-0.9627707600593567,13.327875455220541,2.8693560400532117
1324,264,3,-0.11122786502043407,-1.0203606883684795,12.894858360290527,2.6583698661840316
1327,265,1,-0.46431811650594074,2.4651190638542175,11.890803337097168,1.898724690183596
1330,265,4,0.040964215993881226,5.544070800145467,12.5243927637736,2.1173204469272644
1333,266,2,0.8924570480982462,1.3175341188907623,13.45329475402832,2.676981587077259
1336,267,0,-0.12726347396771112,-1.3284126718839009,13.261277834574381,2.8037611011284285
1339,267,3,0.28628142674763996,-1.221384530266126,12.776764551798502,2.511726137805397
1342,268,1,-0.4755708749095599,3.28515887260437,12.123070081075033,1.8006013782750194
1345,268,4,-0.5996079742908478,5.397724469502767,12.105089823404947,2.364928733037043
1348,269,2,0.6249462713797888,2.059012154738108,13.109569231669107,3.2628060144245215
1351,270,0,-0.07463446259498596,-1.042375882466634,13.17410945892334,3.1826661815364807
1354,270,3,0.5161543687184652,-1.5367377797762554,12.709559758504232,2.1002251505690404
1357,271,1,-0.2860620121161143,2.540173331896464,12.089003245035807,2.0911085672738365
1360,271,4,-0.2763713796933492,5.545051574707031,12.21457544962565,2.8518092122768675
1363,272,2,0.3571492036183675,1.8969483772913616,13.202715237935385,3.110499388676273
1366,273,0,-0.09706827998161316,-0.9514666299025217,13.129731814066568,2.9885292208916554
1369,273,3,0.22642270723978677,-2.134929577509562,12.630777994791666,2.420519280683282
1372,274,1,-0.5572705467542013,3.44951723019282,11.828974723815918,2.2388428110005205
1375,274,4,-0.5061670144399008,6.648547808329265,12.277689615885416,2.879458702241854
1378,275,2,0.6670560290416082,1.6222910483678181,13.222111384073893,3.754099169877913
1381,276,0,0.0022246738274892173,-1.7358614404996235,13.373594601949057,3.503143054367053
1384,276,3,0.048883567253748574,-1.8000844319661458,12.817517280578613,2.686586990366399
1387,277,1,-0.1764080822467804,2.5180800557136536,11.5834747950236,2.87461861664139
1390,277,4,-1.2099693616231282,7.166740258534749,11.993986447652182,2.8340347169074853
1393,278,2,0.2615433782339096,1.9632639090220134,13.226107279459635,2.750068135836256
1396,279,0,0.41057256360848743,-1.3591536780198414,13.639985084533691,3.081485573354346
1399,279,3,0.18942037721474966,-3.1209635734558105,13.32572333017985,2.8818089310489636
1402,280,1,0.4596583694219589,1.3421097596486409,11.783270835876465,1.6886986403358037
1405,280,4,-0.870861291885376,7.964685122172038,11.43386205037435,1.94522980848357
1408,281,2,0.0073567430178324384,3.422540267308553,12.751057942708334,3.260734749770698
1411,282,0,0.13587144762277603,-0.42039693395296734,13.720950762430826,3.2097952802193475
1414,282,3,0.3657632718483607,-2.0206671555836997,13.238184293111166,2.7730020620618254
1417,283,1,0.2789636105298996,-0.7660220960776011,12.683439254760742,2.1759320847133012
1420,283,4,-0.7115839570760727,5.349275271097819,11.613352139790853,2.919967899674796
1423,284,2,-0.10450359185536702,5.127956390380859,12.280104637145996,2.5965364913278814
1426,285,0,0.4141467735171318,1.7223384181658428,13.254402796427408,2.504632427629845
1429,285,3,0.13797098398208618,-0.6687086969614029,13.447429021199545,2.323486423535216
1432,286,1,0.42427753657102585,-1.3974700371424358,13.064617474873861,2.6678534116703703
1435,286,4,-0.0910181204477946,0.5205509327352047,12.441478729248047,2.3640284268687677
1438,287,2,-0.9176406661669413,5.621132055918376,11.770862579345703,2.6020471490309305
1441,288,0,0.08960360288619995,4.020142952601115,12.848841667175293,2.9368022026075202
1444,288,3,0.432878519097964,0.7233028511206309,13.340031623840332,3.362420131156608
1447,289,1,0.23122302691141763,-1.9400087594985962,13.470897992451986,2.6366748792647674
1450,289,4,0.49189577500025433,-1.1693425178527832,13.037075996398926,1.9717054650354455
1453,290,2,-0.2948653995990753,2.681097706158956,12.055959383646647,1.8625443259448236
1456,291,0,-1.0435319940249126,5.904407024383545,12.166571935017904,2.995867901798127
1459,291,3,0.7891732702652613,2.6968692541122437,13.185524622599283,3.4650636557705243
1462,292,1,-0.14566874007383981,-0.7941306233406067,13.474557558695475,3.4470530943944184
1465,292,4,0.5357263684272766,-1.7782191038131714,13.646913210550943,2.196253870963045
1468,293,2,0.20437796910603842,-0.2255364159742991,13.067873318990072,2.69138187893629
1471,294,0,-0.5045447448889414,3.1055554151535034,12.249523162841797,2.081558381415583
1474,294,3,-0.3660629590352376,4.764524459838867,12.554052035013834,2.525129687360432
1477,295,1,0.515416661898295,1.382753849029541,13.32354990641276,2.783991142154481
1480,295,4,0.3552599747975667,-1.3426988919576008,13.721503893534342,2.36840258055224
1483,296,2,0.26141317437092465,-2.851289908091227,13.222883860270182,2.858406645130783
1486,297,0,0.699173500140508,0.49777035042643547,12.415839195251465,1.9159600280681746
1489,297,3,-0.9477037986119589,7.481870651245117,11.848346710205078,1.7938104451549528
1492,298,1,-0.2529738247394562,3.6283389727274575,12.875512758890787,2.756000593978294
1495,298,4,0.4744476427634557,1.0500288257996242,13.314505259195963,3.07375578143351
1498,299,2,0.23980437715848288,-2.0034985542297363,13.501638730367025,2.6177471063298383
1501,300,0,0.5525194505850474,-1.047390878200531,12.969993909200033,2.512468442115357
1504,300,3,-0.18168511986732483,3.892338275909424,12.682662963867188,1.766105689917538
1507,301,1,-0.4908169110616048,4.645658572514852,12.878597577412924,1.9815887296441617
1510,301,4,0.4992697089910507,1.5801686976725857,12.86885674794515,3.18011155350178
1513,302,2,-0.2639598647753398,-1.6799348990122478,13.214962323506674,2.5065347560440383
1516,303,0,0.06954229374726613,-0.3151636819044749,12.888086001078287,2.0177516757249783
1519,303,3,-0.6086031595865885,3.534653902053833,11.985275586446127,2.1666677721305976
1522,304,1,-0.3525162140528361,5.113206386566162,12.182932535807291,3.014908120339603
1525,304,4,0.06574397285779317,1.911153535048167,13.045098940531412,3.7604696505177078
1528,305,2,-0.01844470202922821,-1.4694759249687195,13.472773869832357,2.706283452634447
1531,306,0,0.27270762125651044,-1.6668767929077148,13.431630452473959,1.8652025577259075
1534,306,3,0.2457403838634491,0.6893825431664785,12.755343755086264,1.63328353757888
1537,307,1,-0.7555406093597412,4.687297344207764,12.326813379923502,1.9308476258520981
1540,307,4,-0.1375707189242045,4.650223890940349,12.659379959106445,2.4411131056385127
1543,308,2,0.3438914666573207,0.5684706171353658,13.384274164835611,3.586045293111395
1546,309,0,-0.12188307444254558,-2.1962297757466636,13.361003239949545,3.361273059326859
1549,309,3,0.366012305021286,-0.6108653545379639,13.006870905558268,2.4612580579745504
1552,310,1,-0.2161546597878138,3.2858704725901284,12.362097104390463,1.6129850017267398
1555,310,4,-0.9483099281787872,5.6638115247090655,12.560942649841309,1.4648495935086832
1558,311,2,0.5364614129066467,2.3697617848714194,13.096018155415853,2.566441564450225
1561,312,0,-0.2088392823934555,-1.4973604480425518,13.610119183858236,2.717141602454315
1564,312,3,0.20793400208155313,-2.796643932660421,13.430771509806315,1.8119386290486341
1567,313,1,0.3296138445536296,2.3759534855683646,12.758718808492025,2.28771683352305
1570,313,4,-0.6322793165842692,4.7810929616292315,12.68969758351644,1.7194302049135837
1573,314,2,0.07461848606665929,2.1942562262217202,12.491120974222818,2.454870118242101
1576,315,0,-0.00743412971496582,-0.7961965998013815,12.950498898824057,1.8862102322345098
1579,315,3,0.08071713149547577,-0.6526355097691218,12.752585093180338,1.9806426083280566
1582,316,1,-0.08234487722317378,2.0980488657951355,12.457395871480307,1.907995912317095
1585,316,4,-0.3320716818173726,5.81105105082194,12.690175692240397,1.5924503101395293
1588,317,2,0.7123545606931051,2.3698352177937827,13.589362780253092,2.4112394925981597
1591,318,0,0.20538715024789175,-0.8131357828776041,13.745876630147299,2.55858778057255
1594,318,3,-0.16044985254605612,-2.998197078704834,13.40117613474528,2.436024231446368
1597,319,1,0.4669201622406642,-0.19115881125132242,12.602546374003092,1.9829487686652165
1600,319,4,-1.094593604405721,5.851970513661702,11.896040280659994,1.6111181957142737
1603,320,2,-0.1935058335463206,4.567120631535848,12.709365208943685,1.8198658323620307
1606,321,0,0.2319997102022171,1.15641238540411,13.299543380737305,2.520139527274434
1609,321,3,-0.10121863583723704,-2.34510346253713,13.43764591217041,2.44175440050215
1612,322,1,0.5306009153525034,-1.8823875586191814,12.819369633992514,1.934873615379004
1615,322,4,-0.1796323557694753,4.364023923873901,12.065909067789713,2.336233248544555
1618,323,2,-0.6919740835825602,6.213638146718343,12.898692766825357,1.4364334044496874
1621,324,0,0.9919488628705343,1.2135444606343906,13.691887219746908,2.148180210387587
1624,324,3,-0.3817889491717021,-2.359835902849833,13.723967870076498,2.3714183410977805
1627,325,1,0.7426668206850687,-2.7157848676045737,13.479080200195312,2.32594558092237
1630,325,4,0.19961649179458618,1.2129361232121785,12.725115776062012,2.0503769591484837
1633,326,2,-0.45121367772420246,6.216389973958333,12.093164126078287,1.9379505570488098
1636,327,0,0.027224287390708923,2.552133242289225,12.720041910807291,2.0896609852460575
1639,327,3,-0.19141656657059988,-0.36286890506744385,13.072778701782227,2.1019130605038963
1642,328,1,0.07415965696175893,-0.3685674766699473,13.067691485087076,1.6870414039642754
1645,328,4,-0.11252573132514954,1.7915160457293193,12.595174789428711,1.6408050009788742
1648,329,2,-0.37796705961227417,3.410354216893514,12.788167317708334,1.2391015403113037
1651,330,0,0.24584942062695822,2.7728851238886514,13.025954882303873,2.3481923764190804
1654,330,3,0.19363313913345337,-0.43928277492523193,13.377755482991537,2.27644397374556
1657,331,1,0.07911145687103271,-2.4071668783823648,13.216391563415527,2.2467372226215123
1660,331,4,0.3280676652987798,1.0272120038668315,12.666271527608236,1.80169928563521
1663,332,2,-0.4554751341541608,5.8898688952128095,12.663857142130533,1.688578866943588
1666,333,0,0.2627863933642705,3.0587571461995444,13.293220202128092,2.0740414517272483
1669,333,3,0.42355728646119434,-0.07944623536119859,13.496694246927897,1.992710365545955
1672,334,1,-0.1978748639424642,-3.629920800526937,13.391921043395996,2.3741390978719608
1675,334,4,0.7755409280459086,-1.5122858087221782,12.623236020406088,1.8823785621454048
1678,335,2,-1.3150752534468968,7.236344814300537,11.966103235880533,1.1232214469645
1681,336,0,0.2620502511660258,5.874452670415242,12.92122713724772,1.706472097792946
1684,336,3,0.8157625496387482,0.8015140096346537,13.658731778462728,2.232963057694914
1687,337,1,-0.38534356156984967,-3.0540698369344077,13.756202379862467,1.7832490426681629
1690,337,4,0.943069060643514,-1.9550613363583882,13.2689577738444,2.3331583515397427
1693,338,2,-0.14079665640989938,2.473330577214559,12.808069229125977,1.5442374097708147
1696,339,0,-0.9401525457700094,5.584483623504639,12.564134279886881,1.682086067552435
1699,339,3,0.3348640998204549,3.010260025660197,13.071717898050943,1.9682786703511026
1702,340,1,0.020282834768295288,-1.9056023557980855,13.526261647542318,2.734766376286782
1705,340,4,0.7265814344088236,-3.2957893212636313,13.364160219828287,1.7872312496222111
1708,341,2,0.363341083129247,1.8391826152801514,12.199535687764486,1.8608101866026647
1711,342,0,-0.6975181897481283,7.005311648050944,12.403491973876953,1.3873597972978444
1714,342,3,0.6650534669558207,2.6235381762186685,13.14619223276774,2.2145013944107492
1717,343,1,-0.07345840086539586,-0.46202585101127625,13.40398915608724,2.2683242877691208
1720,343,4,-0.030372490485509235,-2.565919558207194,13.609033266703287,1.8852201073546844
1723,344,2,0.7337796886761984,-0.8681881229082743,12.970791816711426,2.0007403603009712
1726,345,0,-0.48845232526461285,5.166489362716675,12.690562884012857,1.679798416242808
1729,345,3,-0.1920764446258545,5.008009036382039,12.675086975097656,1.780323206576151
1732,346,1,0.17399558424949646,0.819235215584437,13.386391639709473,1.7435656182508354
1735,346,4,0.48003846406936646,-1.362695852915446,13.496019999186197,1.8181820370236845
1738,347,2,0.3366994708776474,-1.950606067975362,12.907273292541504,2.4563128862132086
1741,348,0,-0.17096914847691855,1.8784285535415013,12.04435666402181,1.8206020995964611
1744,348,3,-1.780220905939738,7.333507696787517,12.317132631937662,1.5159665930200197
1747,349,1,0.6786972085634867,4.628035386403401,13.115445772806803,2.0467580910836864
1750,349,4,0.656092365582784,-0.6627325614293417,13.96193822224935,1.8429606421649976
1753,350,2,-0.2239585518836975,-3.404592831929525,13.831133524576822,1.9816444935611608
1756,351,0,0.04171776523192724,-2.504047234853109,13.125813484191895,1.8392115606474804
1759,351,3,-0.035898750027020775,1.9242192109425862,12.228001594543457,1.5445175653522873
1762,352,1,-1.4932534098625183,8.085425853729248,11.922776222229004,1.9639686362707682
1765,352,4,0.8575036525726318,3.305021564165751,13.235568046569824,1.576663635406313
1768,353,2,0.12203210592269897,-1.855343868335088,13.721102396647135,1.9627372383933104
1771,354,0,0.39004091421763104,-3.859142859776815,13.343811988830566,1.5224166375220072
1774,354,3,0.5295269588629404,0.3944322069485982,12.341588656107584,1.7013952877218592
1777,355,1,-0.7744942506154379,8.343666871388754,12.269689559936523,1.5330321886002596
1780,355,4,0.31001772234837216,3.287281592686971,13.25278409322103,1.898294512275439
1783,356,2,0.1735562781492869,-0.4046403368314107,13.698817253112793,2.960106441797052
1786,357,0,0.2369590401649475,-3.1986258029937744,13.522064208984375,1.7087482291404512
1789,357,3,0.7303848365942637,-1.4346030950546265,12.709713617960611,1.6386612847821382
1792,358,1,-0.8037097056706747,4.681661208470662,12.342260042826334,1.747436781065547
1795,358,4,0.02377028266588847,6.93205197652181,12.890253384908041,1.347432970510452
1798,359,2,0.8249900341033936,2.042983983953794,13.316982587178549,1.9758114131688072
1801,360,0,-0.048970590035120644,-2.0954713821411133,13.745515823364258,1.4295600281334775
1804,360,3,0.21718047062555948,-2.9558517932891846,13.669672648111979,1.8456904691812894
1807,361,1,0.4727172752221425,0.5902986327807108,13.24911626180013,1.504495477331093
1810,361,4,-0.7801196773846945,5.461672147115071,12.560336748758951,1.5070410173601043
1813,362,2,-0.19427858789761862,4.648370981216431,12.494640350341797,1.8523771734217356
1816,363,0,0.21780768036842346,1.5125338286161423,13.115215619405111,2.1961421741244997
1819,363,3,-0.004922926425933838,-1.8218577702840169,13.578363418579102,1.5038244588963685
1822,364,1,0.09777087221542995,-3.550715764363607,13.313546498616537,1.761232358943701
1825,364,4,0.8234599332014719,0.9218497276306152,12.29643694559733,1.8426037608132795
1828,365,2,-1.1788538297017415,9.468093236287435,12.372762044270834,2.0844171538079586
1831,366,0,0.7815828919410706,2.7964720328648887,13.551431973775228,1.2063865660894935
1834,366,3,0.32243281106154126,-1.292659942060709,13.978487332661947,1.790913384264698
1837,367,1,0.3396194577217102,-4.283577998479207,14.004986763000488,1.4114541385364092
1840,367,4,1.0779036084810893,-2.4541141390800476,13.328504880269369,1.3815335912645266
1843,368,2,0.19035531083742777,6.153275648752849,12.326955477396647,1.72475324680473
1846,369,0,-0.8242636223634084,5.8256808916727705,12.383336385091146,1.476585438828659
1849,369,3,0.5903720855712891,2.733170986175537,12.816295941670736,2.272653189920193
1852,370,1,0.14557949701944986,-1.5343654652436574,13.485352516174316,1.803455170813501
1855,370,4,-0.19243774811426798,-2.656818151473999,12.914542198181152,2.0579010046847714
1858,371,2,0.2982515295346578,-0.7357028325398763,12.114113171895346,1.7370327167643078
1861,372,0,-2.047799289226532,9.505536556243896,10.995603561401367,1.9679013252596598
1864,372,3,-0.17382343610127768,6.449832280476888,12.740893681844076,1.5278293280350639
1867,373,1,0.299426794052124,0.3052814205487569,13.684833844502768,1.4365853245461846
1870,373,4,0.20439675698677698,-2.6248468160629272,13.6570676167806,1.6567250663706634
1873,374,2,0.2968132098515828,-3.4320385456085205,13.544840812683105,1.7484361161731405
1876,375,0,0.21580111980438232,1.2017236948013306,12.744147618611654,1.9059520357408755
1879,375,3,-1.1050508419672649,8.233420372009277,12.17659823099772,1.7615639745012057
1882,376,1,0.6036577622095743,3.227385719617208,13.019749641418457,1.7940218125166953
1885,376,4,-0.21661847829818726,-0.8129102190335592,13.42762819925944,2.4654742262669695
1888,377,2,0.20648276805877686,-3.195044994354248,13.440084457397461,1.950163593321142
1891,378,0,0.8644621769587199,-1.7926503469546635,12.794723828633627,1.7489852599673166
1894,378,3,-0.6219795743624369,6.605440139770508,12.354964256286621,2.0613682706207936
1897,379,1,0.042070229848225914,5.919715325037639,12.810396830240885,1.7108609138378021
1900,379,4,0.3008786241213481,0.8136583566665649,13.494291623433432,1.71329426287949
1903,380,2,-0.8281652331352234,-3.4249277909596763,13.206442832946777,1.8585212657307497
1906,381,0,0.7506625652313232,-2.046579440434774,12.677265167236328,1.2371970388946543
1909,381,3,-0.744573324918747,5.359822591145833,12.181313832600912,1.5230664361155555
1912,382,1,-0.3917464017868042,7.966936429341634,12.77569548288981,1.5697697138961304
1915,382,4,1.374311884244283,1.0902734796206157,13.666628201802572,1.952817494012849
1918,383,2,-0.5375038882096609,-3.098057667414347,13.802804311116537,1.6358000973327413
1921,384,0,0.36505764722824097,-3.61704953511556,13.115985870361328,1.5207653387837865
1924,384,3,0.21057494481404623,1.8006116549173992,11.782781283060709,1.690325294816719
1927,385,1,-1.8073047002156575,9.538365046183268,12.384902318318685,1.5660185741057753
1930,385,4,0.436618650952975,2.948740561803182,13.32735792795817,1.3654261638828868
1933,386,2,-0.13004151980082193,-1.0907492320984602,13.554617563883463,1.6454849046415667
1936,387,0,-0.26526569326718646,-3.474020560582479,13.406920433044434,1.4071236264587388
1939,387,3,0.5671874284744263,-1.9314042329788208,12.923480033874512,1.480904726470983
1942,388,1,-0.6687085926532745,6.118257284164429,11.715586026509603,1.40501047347323
1945,388,4,-1.2095342477162678,8.469464937845865,12.399508158365885,1.3259409459621114
1948,389,2,1.0278422832489014,1.4517225275437038,13.598543485005697,1.7780964803680945
1951,390,0,-0.11637553572654724,-3.136794368426005,13.811238606770834,1.9103305068023946
1954,390,3,0.3888561377922694,-3.76403538386027,13.731034596761068,1.270214123312581
1957,391,1,0.5871019313732783,1.0027005473772685,13.038327852884928,1.5800453296683663
1960,391,4,-1.3007927934328716,7.447153886159261,12.495573043823242,1.437433596473892
1963,392,2,0.4417896568775177,3.7414417266845703,13.03288459777832,1.3949753725657317
1966,393,0,0.19580155611038208,0.029268349210421245,13.331814448038736,1.7119193143431115
1969,393,3,-0.23130997021993002,-2.5653398831685386,13.49079672495524,1.426738653713955
1972,394,1,0.1886762281258901,-3.067010243733724,12.568841298421225,1.5762485540681583
1975,394,4,0.13444097836812338,2.430011590321859,11.495065371195475,1.9288672852998043
1978,395,2,-1.461428960164388,10.120678583780924,12.05857022603353,1.1874152994851166
1981,396,0,1.0678862929344177,3.2290794054667153,13.542280515034994,1.2280661188982906
1984,396,3,0.3815752814213435,-0.561404267946879,13.701099713643393,1.7341825962294337
1987,397,1,-0.7200521032015482,-4.267514864603679,13.52063242594401,1.3882794795793458
1990,397,4,0.7803001999855042,-3.357832908630371,13.012914339701334,1.1904518308045404
1993,398,2,0.01759458581606547,2.975408355394999,11.939868291219076,1.5209806115074918
1996,399,0,-1.2029111782709758,9.685086727142334,11.957375526428223,1.4346980976046517
1999,399,3,-0.2316729575395584,4.11875041325887,12.823512395222982,1.2845092403259404
2002,400,1,0.8170651396115621,0.5127451221148173,13.58160146077474,1.6207951600128652
2005,400,4,-0.19536295533180237,-2.961696743965149,13.776637077331543,1.4775403748006208
2008,401,2,0.8225199778874716,-3.944797992706299,13.649473508199057,1.9497187603997588
2011,402,0,0.5130868454774221,2.5069143772125244,12.94234307607015,2.534345383808315
2014,402,3,-0.7088836034138998,7.263288497924805,12.543079376220703,2.4287756261032505
2017,403,1,0.17737837135791779,3.680349667867025,12.97003173828125,2.62148172007913
2020,403,4,0.30412206550439197,-0.11893639961878459,13.49492073059082,1.9324750770249572
2023,404,2,-0.23587565124034882,-3.016965707143148,13.587457021077475,2.0415057735852677
2026,405,0,0.36717406908671063,-2.9597326119740806,12.874852180480957,1.9190569321425552
2029,405,3,0.03952131668726603,3.6348153551419577,12.086039225260416,1.6574860278227013
2032,406,1,-0.9356361627578735,9.12060292561849,12.117212613423666,1.2897111683871163
2035,406,4,0.30230502287546795,3.4218706687291465,12.869150797526041,1.7674694424585902
2038,407,2,-0.1649536540110906,-1.3790321151415508,13.55573590596517,1.583416361737335
2041,408,0,0.0936432679494222,-3.7969799041748047,13.590533256530762,1.4242315105955434
2044,408,3,0.8783880869547526,-1.3123494386672974,13.115911483764648,2.154177413111752
2047,409,1,-0.8965632418791453,7.18942133585612,12.437214533487955,2.6621775511814243
2050,409,4,0.533540815114975,4.807475566864014,12.554187774658203,1.6232116626753952
2053,410,2,0.09264796475569408,-0.05501713355382284,13.467459678649902,1.5254480046937662
2056,411,0,-0.06106571356455485,-3.5343809922536216,13.417156537373861,1.6138999837056016
2059,411,3,0.9014289577802023,-2.1886178950468698,12.872939427693685,1.400378824696828
2062,412,1,-0.6097262303034464,6.833072821299235,12.373624165852865,1.3715885447587706
2065,412,4,-0.4883161137501399,6.717902660369873,12.919963518778482,1.3174287892541703
2068,413,2,0.9890781939029694,1.8958634734153748,13.431800524393717,2.1213821833531394
2071,414,0,-0.13518239061037698,-2.197447717189789,13.771125157674154,1.3706939689480293
2074,414,3,-0.32288235425949097,-4.708915710449219,13.418473561604818,1.1708318062443948
2077,415,1,0.8323113719622294,-1.786907970905304,12.525914192199707,1.2688316482053514
2080,415,4,-1.4725141525268555,9.680278619130453,11.960638682047525,1.3250910691717963
2083,416,2,-0.0641221006711324,5.330251693725586,12.866390546162924,1.6157930711822086
2086,417,0,0.4854792257150014,-0.747825562953949,13.548572540283203,1.4368411696114132
2089,417,3,0.3432493607203166,-3.904382864634196,13.602652549743652,2.6795878835480536
2092,418,1,0.8767910798390707,-2.169642463326454,13.07056967417399,2.237895287239694
2095,418,4,-0.44022051493326825,6.382966041564941,12.496788024902344,2.336007465567804
2098,419,2,-0.8069751858711243,7.106247107187907,12.616790135701498,1.313967878721688
2101,420,0,0.4004572033882141,2.755905350049337,13.052113850911459,1.9599604904828685
2104,420,3,-0.3914972295363744,-1.8539568881193798,13.594470024108887,1.3861684571863995
2107,421,1,-0.040665278832117714,-2.803623676300049,13.478695551554361,1.5141055793500489
2110,421,4,0.6056575377782186,-0.9039754271507263,12.628205935160318,1.7390223148723678
2113,422,2,-0.956859310468038,6.405140558878581,12.376492182413736,1.2253131644580402
2116,423,0,0.267508606115977,5.776736895243327,12.773411750793457,1.6343826442907987
2119,423,3,0.4763832191626231,0.7809348702430725,13.608637173970541,1.6844384619912998
2122,424,1,-0.5115717550118765,-3.3897396326065063,13.579182942708334,1.5542458926494884
2125,424,4,0.7018879850705465,-4.0972466468811035,13.105793952941895,1.5068620260682188
2128,425,2,0.34094664454460144,2.845728576183319,12.419882456461588,1.4368573908751074
2131,426,0,-1.3040180206298828,9.393027146657309,12.312533378601074,1.4069038077584413
2134,426,3,0.27114517490069073,3.4579598903656006,13.293684005737305,1.5443677195357683
2137,427,1,0.0632994572321574,-0.7115348180135092,13.61065705617269,1.4457842075507035
2140,427,4,-0.28018972277641296,-4.387816588083903,13.525602022806803,1.4051004108138725
2143,428,2,0.5674249331156412,-3.375856081644694,13.027267773946127,1.8287186647490816
2146,429,0,-0.27179930607477826,5.294904828071594,12.271564801534018,1.5513507583739965
2149,429,3,-0.9395843942960104,7.165580590565999,12.251463890075684,1.599092871384573
2152,430,1,0.5429822405179342,2.807349522908529,13.130749066670736,1.505403492587255
2155,430,4,0.17959688107172647,-0.944137821594874,13.46809991200765,1.3088658886320355
2158,431,2,-0.20352908968925476,-3.4836690425872803,13.540410041809082,1.435182971008835
2161,432,0,1.1474331816037495,-2.9868940114974976,12.962725639343262,1.4336248241543263
2164,432,3,-0.40339362621307373,5.145819803078969,12.229082425435385,1.3421773344012553
2167,433,1,-0.4167301654815674,8.589508851369223,12.444295565287272,1.5091572053319107
2170,433,4,0.7134352872769038,1.6393138021230698,13.412769635518393,1.6194628123858472
2173,434,2,-0.19940961400667825,-2.5012706915537515,13.504433314005533,1.7042772709228868
2176,435,0,-0.09446436663468678,-2.3097639878590903,13.0946896870931,1.3817991755301058
2179,435,3,0.21853607892990112,0.9726482431093851,12.365328788757324,1.200529396409632
2182,436,1,-1.2512976328531902,9.12541675567627,11.943694114685059,1.971148875713628
2185,436,4,0.056938876708348594,4.173506418863933,12.908371607462565,1.6106115651847697
2188,437,2,0.0536722739537557,-0.6044203539689382,13.514084498087565,1.2386283392564803
2191,438,0,-0.5872251391410828,-4.353781223297119,13.46179167429606,1.6934259964827465
2194,438,3,0.8029980063438416,-3.038072625796,12.944490114847818,1.6100354364131857
2197,439,1,-0.27031244337558746,5.190519452095032,12.278518040974935,1.476926633184963
2200,439,4,-0.7378149032592773,7.865373929341634,12.393321990966797,1.650591574997306
2203,440,2,0.40306829412778217,2.449761768182119,13.429998079935709,1.819201349352376
2206,441,0,0.29782797892888385,-2.8496838013331094,14.021927197774252,1.6856441169841994
2209,441,3,0.2830871144930522,-4.440536340077718,13.698267300923666,2.019324757550145
2212,442,1,0.9014885028203329,-0.4122363130251567,12.528462727864584,1.6661783585873264
2215,442,4,-1.3376822272936504,9.652394771575928,11.941206614176432,1.503026867568695
2218,443,2,0.5187965681155523,5.143653949101766,12.797847112019857,1.9887130694068933
2221,444,0,0.036734357476234436,0.5977110266685486,13.586811383565268,2.4864300889300925
2224,444,3,-0.3620092173417409,-3.0775204499562583,13.602965037027994,1.935531769024929
2227,445,1,0.3578081578016281,-3.6603639125823975,12.898767153422037,1.7164850897471366
2230,445,4,0.07567028204600017,3.7225306828816733,12.268608093261719,1.3872470182005845
2233,446,2,-0.8302207390467325,8.107946872711182,12.537623087565104,1.3292322580867133
2236,447,0,0.5363588680823644,3.0754496256510415,13.316882451375326,1.5957119524626269
2239,447,3,0.05278212825457255,0.5244425932566324,13.289520899454752,1.6296092351502305
2242,448,1,-0.43014873067537945,-3.2056308587392173,13.189327557881674,1.337927464658642
2245,448,4,0.43350749214490253,-1.543975869814555,12.52587858835856,1.5810135814751825
2248,449,2,-1.2756778846184413,7.628529071807861,12.172837893168131,1.7672140742662183
2251,450,0,0.6740399400393168,5.384405771891276,13.270445823669434,1.4550900646806015
2254,450,3,1.118952989578247,0.6044632792472839,13.918386141459147,1.4554261508486424
2257,451,1,-0.32457175850868225,-3.34358819325765,13.75981330871582,1.3194194813573923
2260,451,4,0.045242379109064736,-3.905223528544108,13.437387148539225,1.5967603215373225
2263,452,2,0.4071054458618164,-1.4451741576194763,12.454230626424154,1.2838840112193342
2266,453,0,-1.3018479893604915,8.792370955149332,11.943319956461588,1.6196987277257737
2269,453,3,-0.42328831056753796,6.493057092030843,12.660516421000162,1.3609754861968717
2272,454,1,0.4953192522128423,0.6841339866320292,13.465075492858887,1.4595953031473723
2275,454,4,-0.082748348514239,-3.790295124053955,13.83846346537272,1.7934480604977467
2278,455,2,0.6498066087563833,-3.784541209538778,13.369303067525228,1.741121157632313
2281,456,0,0.17709437012672424,4.094913458451629,12.484613418579102,1.8463531022505517
2284,456,3,-0.7180737654368082,8.521743933359781,12.312910715738932,1.9594891431864907
2287,457,1,0.6747106313705444,2.5595881938934326,13.154631614685059,2.109697135488253
2290,457,4,-0.7053879499435425,-2.3813976645469666,13.268190066019693,2.6221803382799376
2293,458,2,0.08798200885454814,-3.0821012258529663,12.922108968098959,2.0257001847350913
2296,459,0,-0.11178545157114665,2.107552553216616,12.561684290568033,1.374744243424488
2299,459,3,-0.800499846537908,7.834853967030843,12.771137873331705,1.5671695459749257
2302,460,1,0.8327314779162407,3.8220794200897217,13.585179328918457,1.290299162308129
2305,460,4,0.8758211334546407,-0.3495854437351227,13.661111831665039,1.5982563100347538
2308,461,2,-0.7055264711380005,-5.2901201248168945,13.518671671549479,1.5868810311203714
2311,462,0,1.0410070021947224,-3.7549992402394614,12.973701159159342,1.355453967284249
2314,462,3,-0.3686803678671519,5.9264458020528155,12.109759330749512,2.2063720369008872
2317,463,1,-0.500545879205068,8.500394503275553,12.154389063517252,1.779403038420864
2320,463,4,0.1838436226050059,2.1695828437805176,13.112469673156738,1.732995726761617
2323,464,2,-0.025110875566800434,-1.5171550313631694,13.543219566345215,1.4788472317821748
2326,465,0,0.5301161408424377,-2.6193789641062417,13.352618853251139,1.6139212618442078
2329,465,3,0.5555980602900187,-1.9487941265106201,13.142951011657715,1.5771212466041187
2332,466,1,-0.2309626986583074,4.480598568916321,12.564835866292318,1.7158525951032424
2335,466,4,-0.20685585339864096,7.476948420206706,12.495452562967936,1.6121369832894192
2338,467,2,0.5492211580276489,2.507383704185486,13.310006459554037,1.294115488577688
2341,468,0,0.20850045482317606,-1.2168666273355484,13.737558364868164,1.308489440157514
2344,468,3,-0.2025520255168279,-3.7538838386535645,13.728300094604492,2.397096057052597
2347,469,1,0.4225110014279683,-2.6960278352101645,13.270633379618326,1.9041810174717027
2350,469,4,-0.26225074132283527,4.2405582666397095,12.58627446492513,1.699801835080871
2353,470,2,-0.6259505152702332,6.597711404164632,12.56440544128418,1.6914138646780206
2356,471,0,-0.1974513828754425,3.4462523460388184,12.91015879313151,1.2848877846639872
2359,471,3,-0.03257192671298981,-0.5360633333524069,13.28852113087972,1.2257702782038054
2362,472,1,-0.3607032497723897,-3.771547317504883,13.24130662282308,1.4511629991814232
2365,472,4,0.8009826938311259,-1.818753903110822,12.840560595194498,2.3514209797568077
2368,473,2,-0.8061494131882986,6.897824843724568,12.557045936584473,2.3348096071029727
2371,474,0,0.01120351254940033,5.688748836517334,12.816743532816568,1.6517463544894653
2374,474,3,0.21806281805038452,1.3073819875717163,12.986856778462728,2.071598014716067
2377,475,1,-0.5402037103970846,-3.3101834058761597,13.167382876078287,1.3877947209567267
2380,475,4,0.5403609275817871,-3.984201987584432,12.908513387044271,2.362188257399099
2383,476,2,-0.4501713414986928,5.3848267793655396,12.403375943501791,2.4004558159555653
2386,477,0,-0.48440054059028625,7.558536529541016,12.826482772827148,1.6621197825124536
2389,477,3,0.8298713366190592,1.2817797244836886,13.295198758443197,1.323374806691753
2392,478,1,-0.26863627632459003,-2.5060914754867554,13.365453720092773,1.3751874037671545
2395,478,4,0.3992493102947871,-4.729429244995117,13.152162551879883,1.546685572301861
2398,479,2,0.8951458930969238,0.5427031517028809,12.304752667744955,1.6481317309314056
2401,480,0,-1.6811331510543823,10.506343523661295,12.375539143880209,1.8445588075038064
2404,480,3,0.7902416984240214,3.9045521020889282,13.164947191874186,1.537763263091458
2407,481,1,0.5664942959944407,-0.9659605820973715,13.635176340738932,1.4997072432666656
2410,481,4,0.2451962729295095,-3.8664403756459556,13.64263661702474,2.155312509827052
2413,482,2,0.6065528293450674,-3.73988676071167,13.200931549072266,1.8567358386495865
2416,483,0,0.12606106201807657,4.545286168654759,12.153234799702963,2.0871426969224474
2419,483,3,-1.0155288179715474,9.110027631123861,12.464910189310709,1.4962988448427452
2422,484,1,0.6369125843048096,2.541481097539266,13.05776309967041,1.8535425581167022
2425,484,4,-0.41018317143122357,-2.3708566228548684,13.41094175974528,1.5342134429920884
2428,485,2,0.3880365838607152,-4.496444861094157,13.193337758382162,1.4177109067400344
2431,486,0,0.5048343539237976,1.9374746481577556,12.585936546325684,2.150558244041448
2434,486,3,-1.3473841349283855,8.937312126159668,12.195781071980795,1.36501943959923
2437,487,1,-0.34830279151598614,4.894430319468181,12.840031941731771,1.4813039860960033
2440,487,4,0.3757759730021159,0.7199045419692993,13.461075146993002,1.3308456271175844
2443,488,2,-0.33685461680094403,-3.211218992869059,13.663827260335287,1.6628391422391724
2446,489,0,0.17946658531824747,-3.7147557735443115,13.381771087646484,2.220903723114495
2449,489,3,0.4757232517004013,0.039763656755288444,12.775840441385904,1.7802580780377664
2452,490,1,-1.075161914030711,7.6834479967753095,12.417964935302734,1.7349773216054816
2455,490,4,0.32522767782211304,4.4559478759765625,12.958284060160318,1.5698504420818722
2458,491,2,0.39193204045295715,-0.7743370532989502,13.60659917195638,1.586718016243827
2461,492,0,0.3332287669181824,-4.805098056793213,13.710745811462402,1.9060490089429691
2464,492,3,1.2579388618469238,-3.262629985809326,13.291044235229492,4.332654912660881
2467,493,1,-0.4186463952064514,6.120347340901692,12.413008371988932,2.113549102591462
2470,493,4,-0.8158634901046753,7.256932894388835,12.267239252726236,1.5210543002951715
2473,494,2,0.18094640970230103,4.270691871643066,12.833998044331869,1.7777237583540177
2476,495,0,0.21909048904975256,-0.9059351285298666,13.409172375996908,1.7686413825665284
2479,495,3,-0.38460132479667664,-4.681293328603108,13.542283376057943,2.0225692089642684
2482,496,1,0.7472106615702311,-2.5089718103408813,13.137574513753256,1.8160352771091393
2485,496,4,-0.5044643978277842,5.457338531812032,12.325315793355307,1.773312808741392
2488,497,2,-1.0675380229949951,8.090354124704996,12.413535118103027,2.022200417285625
2491,498,0,0.6123457153638204,2.3290669520696006,13.14296817779541,1.3036226094006091
2494,498,3,-0.2615492343902588,-2.257821718851725,13.485315958658854,1.646464032908936
2497,499,1,0.06519425412019093,-3.456873655319214,13.245563824971518,1.5981021046838595
2500,499,4,0.32554691036542255,-0.8809117873509725,12.422706286112467,1.5556493842400652
2503,500,2,-1.2155984044075012,8.0497940381368,12.075355529785156,1.437315706903122
2506,501,0,0.06473910808563232,6.283465623855591,12.809037208557129,1.3958194849526862
2509,501,3,0.27166618406772614,0.3659368058045705,13.49463176727295,1.3970479771380642
2512,502,1,-0.4760807653268178,-3.5235729217529297,13.470443725585938,1.4828127590229603
2515,502,4,0.4858134686946869,-3.57224973042806,13.027750968933105,1.3514424853823392
2518,503,2,0.17986690998077393,1.827853798866272,12.036794026692709,2.027717839662723
2521,504,0,-1.4810093243916829,10.52877140045166,12.093159675598145,1.7199353793966805
2524,504,3,-0.44681093096733093,3.6968623797098794,12.90748119354248,1.4003539181625027
2527,505,1,-0.2872464507818222,-0.7939780950546265,13.46587880452474,1.5137669211712146
2530,505,4,0.7347443699836731,-4.509359677632649,13.63443692525228,1.8392629157937168
2533,506,2,0.7709534764289856,-0.9282597303390503,13.28315003712972,1.7827565526806453
2536,507,0,-0.2071494311094284,5.913175264994304,12.930717468261719,2.2642349966976556
2539,507,3,-0.011137147744496664,4.612775643666585,12.65808391571045,2.0915136420484384
2542,508,1,0.5707847277323405,2.7972166935602822,13.189410209655762,2.1135628445066743
2545,508,4,-0.09872644642988841,-1.5326461394627888,13.590734163920084,1.4357652328961574
2548,509,2,-0.1287109206120173,-4.090086142222087,13.504933675130209,2.345310505812503
2551,510,0,0.8998475770155588,-3.232217709223429,13.143309911092123,2.5073797980928507
2554,510,3,-0.5246901313463846,5.465380549430847,12.577448209126791,2.074836106931032
2557,511,1,-0.6347468296686808,7.794243494669597,12.117860158284506,2.0655180920678116
2560,511,4,0.03540937602519989,4.053957064946492,12.971829096476236,1.5163257935303005
2563,512,2,0.2484410951534907,0.2679104208946228,13.49633820851644,1.7073521968883307
2566,513,0,-0.42431490619977313,-3.831730604171753,13.570333480834961,1.4739196275909094
2569,513,3,0.6914316515127817,-3.640226443608602,12.991277694702148,2.0524776196559156
2572,514,1,-0.17326094706853232,3.943192849556605,12.171828587849935,1.7701405236561423
2575,514,4,-1.130914608637492,9.233255545298258,12.291996637980143,1.4106519465124803
2578,515,2,-0.09306184947490692,3.4392249584198,13.000093142191568,1.685775950978771
2581,516,0,0.36216109494368237,-0.7431458433469137,13.497356096903482,1.4777439316547012
2584,516,3,-0.455815593401591,-3.829996347427368,13.612788518269857,1.4890583640415518
2587,517,1,0.7519723971684774,-2.6643490393956504,13.185112635294596,1.665050768658879
2590,517,4,-0.4657665987809499,4.435042470693588,12.567039171854654,1.8081633074428332
2593,518,2,-0.43471505244572956,7.240055084228516,12.47479216257731,1.4746111229195116
2596,519,0,0.5501310502489408,2.131526251633962,13.230319341023764,1.5785537557935025
2599,519,3,0.23617270588874817,-2.54979407787323,13.592685063680014,1.3971730924166792
2602,520,1,0.1677267700433731,-4.231360912322998,13.271050135294596,1.9283643301159634
2605,520,4,0.6522284547487894,-1.1314562956492107,12.722119649251303,1.703950633171582
2608,521,2,-1.2619326710700989,9.331964810689291,11.995924949645996,1.7826317956700821
2611,522,0,-0.9610884189605713,6.760012308756511,12.573079427083334,1.7856334767767288
2614,522,3,0.86095130443573,1.779904472331206,13.37547492980957,1.8459646109475045
2617,523,1,-0.5562774389982224,-3.5681327978769937,13.741463979085287,1.8013099367454342
2620,523,4,0.45016004145145416,-4.690852959950765,13.498997370402018,1.6817803613793725
2623,524,2,0.5647619962692261,-1.093515952428182,12.86764399210612,2.4187394391491144
2626,525,0,-1.030766874551773,9.893250624338785,12.140495618184408,1.3195860092071532
2629,525,3,-0.14395490288734436,5.08137321472168,12.85655434926351,1.6645025664664377
2632,526,1,0.2554599195718765,-0.0782684599980712,13.363640467325846,1.3429956513657606
2635,526,4,-0.3324151833852132,-4.698028643925984,13.329401969909668,1.4771231439590526
2638,527,2,0.9962801734606425,-3.1658838192621865,12.864269574483236,1.7818118408928285
2641,528,0,-1.1668174266815186,8.114421208699545,12.070972760518393,1.3861951249528248
2644,528,3,-0.05988852183024088,7.256641546885173,12.63980484008789,1.4667770105196853
2647,529,1,0.13473922510941824,2.2443466186523438,13.238867123921713,1.732169662643222
2650,529,4,0.04299890001614889,-1.6546415736277897,13.545276959737143,1.4615194566817733
2653,530,2,0.015248636404673258,-4.057283401489258,13.447955131530762,1.6825370301227267
2656,531,0,0.926478366057078,-1.891922116279602,13.06568463643392,2.4057226497757225
2659,531,3,-0.739175409078598,5.769597133000691,12.85330581665039,3.262815843590335
2662,532,1,-0.016898661851882935,5.249884923299153,12.908385594685873,1.8952321129956209
2665,532,4,0.08557553589344025,1.8391518990198772,13.15344206492106,1.2765687192115316
2668,533,2,-0.2204168438911438,-2.170682966709137,13.317884763081869,1.3480990033807136
2671,534,0,0.6766427954037985,-3.8973007202148438,13.147540410359701,1.810776315409709
2674,534,3,0.34852757056554157,1.0187226335207622,12.51591428120931,1.6324822635803926
2677,535,1,-1.2578550577163696,9.832796732584635,12.055961926778158,1.5492795551327923
2680,535,4,0.049196804563204445,3.905888080596924,12.792664845784506,1.1850158932363672
2683,536,2,-0.12760014086961746,-0.6201982696851095,13.257404645284018,1.4280878896623141
2686,537,0,-0.4300371507803599,-2.7730563481648765,13.353084882100424,1.672759108968293
2689,537,3,0.2982312738895416,-2.812093734741211,13.051998456319174,1.7312027488148731
2692,538,1,0.05961482723553976,2.0492395559946694,12.668676376342773,1.462484533536487
2695,538,4,-0.4858090877532959,7.899407068888347,12.576937357584635,1.7358889260888368
2698,539,2,0.23238619168599448,3.6012333234151206,13.166395505269369,1.7458194373592875
2701,540,0,-0.6881599426269531,-0.871158242225647,13.460602442423502,2.019260178482199
2704,540,3,-0.09197181463241577,-3.6001283327738443,13.368922551472982,2.114951915498693
2707,541,1,0.7259013851483663,-2.058750251928965,13.04038174947103,2.744329521500243
2710,541,4,-0.5655043125152588,6.360055764516194,12.33570130666097,1.760432581801729
2713,542,2,0.02376226584116618,6.479161739349365,12.740741093953451,1.5714032173291794
2716,543,0,0.313504233956337,2.0345347126324973,13.253385861714682,1.4519238202360256
2719,543,3,-0.814931333065033,-3.3202741146087646,13.5885648727417,2.042167862228139
2722,544,1,0.8154001434644064,-3.837585767110189,13.322806040445963,2.001896099344164
2725,544,4,0.12044269343217213,2.2026407718658447,12.690932273864746,2.4803112551433038
2728,545,2,-0.6959776878356934,6.8790632883707685,12.468877474466959,2.172146742112417
2731,546,0,0.03055393695831299,3.7926237980524697,12.944134394327799,1.5232246392584425
2734,546,3,-0.36072683334350586,-0.33026749493243795,13.309674898783365,1.802989104287153
2737,547,1,-0.19419582188129425,-4.559677839279175,13.515002886454264,1.8061116358664393
2740,547,4,0.8474765221277872,-2.9943989912668862,12.872562726338705,1.5342212850448267
2743,548,2,-0.5784320731957754,6.406419038772583,12.273112932840982,2.071324684992684
2746,549,0,-0.4550728400548299,6.640874703725179,12.137921651204428,1.3957185415490354
2749,549,3,0.8842521707216898,3.0154083172480264,13.00825564066569,1.7313713555203503
2752,550,1,-0.7355116605758667,-1.2798276493946712,13.282893498738607,1.3328275149503204
2755,550,4,-0.34764836231867474,-3.132182757059733,13.191143989562988,1.7278655221549488
2758,551,2,0.292665292819341,1.2361506223678589,12.831500053405762,3.8889122536151692
2761,552,0,-0.4338749349117279,6.966212113698323,12.500604947408041,1.7618267062199935
2764,552,3,0.1968289017677307,4.890260775883992,12.639912605285645,2.425975683868889
2767,553,1,-0.17586278915405273,0.3420674800872803,13.312774658203125,2.1342547297715346
2770,553,4,-0.7703153292338053,-3.565804958343506,13.247731526692709,1.5077923189439912
2773,554,2,0.3189776539802551,-4.127384503682454,12.692787488301596,1.7467697305987968
2776,555,0,-0.5597905417283376,5.520838538805644,12.26124127705892,2.9979859860377367
2779,555,3,-1.08599587281545,7.939095497131348,12.430276870727539,1.6614632496851236
2782,556,1,0.40693239370981854,1.9429496328035991,13.134634017944336,1.7123056972814694
2785,556,4,-0.5345425109068552,-3.104034662246704,13.417823473612467,1.5835840422672707
2788,557,2,0.5140219628810883,-4.068920373916626,13.226744016011557,2.1541853455853377
2791,558,0,0.06743542353312175,2.5510596434275308,12.535995165506998,2.541824743074621
2794,558,3,-0.2736218770345052,6.324032465616862,12.27506192525228,1.3162968999056268
2797,559,1,-0.016708547870318096,4.050933837890625,12.931463877360025,1.8401165354383027
2800,559,4,-0.4066975613435109,0.3938780029614766,13.357439994812012,1.8453441885842965
2803,560,2,-0.5255615214506785,-2.8686792850494385,13.326753298441568,1.7461045720120112
2806,561,0,0.6951111232240995,-0.8113635381062826,13.084108352661133,2.9110924814067416
2809,561,3,-0.2532945970694224,4.9084813594818115,12.751826286315918,1.9871276589343363
2812,562,1,0.1936155358950297,4.747024138768514,12.855168342590332,1.5774865677441017
2815,562,4,0.16524644196033478,1.9666335384051006,13.172813733418783,3.0805540959865945
2818,563,2,-0.4542574385801951,-2.5468307733535767,13.429892857869467,2.404230380054018
2821,564,0,0.1533701866865158,-3.268336375554403,13.137694676717123,1.3911658018795956
2824,564,3,0.6084583401679993,0.20591447254021963,12.696613311767578,1.9531636959357896
2827,565,1,-0.8884453376134237,8.233589172363281,12.527675946553549,1.2228360655799964
2830,565,4,-0.032719517747561135,4.928047974904378,13.068580309549967,1.437003145880981
2833,566,2,0.18299952149391174,0.40218691031138104,13.487331708272299,1.4679622001257755
2836,567,0,-0.5489667455355326,-3.796659231185913,13.30814266204834,1.3649789853558947
2839,567,3,-0.013011914988358816,-3.6078253587086997,12.718698183695475,2.91210602400951
2842,568,1,-0.27087459961573285,5.772752846280734,11.793044090270996,1.7706158738788904
2845,568,4,-0.6419413387775421,8.198939800262451,12.566502253214518,1.121708046087127
2848,569,2,0.15474015225966772,2.001097877820333,13.33411979675293,1.9390317362855913
2851,570,0,-0.3381134470303853,-3.5201274951299033,13.71644115447998,1.6230364685537804
2854,570,3,0.4373878240585327,-4.966525236765544,13.410554567972818,1.869247557322528
2857,571,1,0.5012896358966827,0.34303788964947063,12.685962041219076,1.874861968103198
2860,571,4,-1.2128477096557617,9.852168877919516,11.939336140950521,1.80668991205898
2863,572,2,-0.693923607468605,5.791608810424805,12.676067034403482,1.5655480773663555
2866,573,0,0.15423903862635294,0.283840537071228,13.348965644836426,1.043600260705742
2869,573,3,-0.10667161146799724,-3.68709667523702,13.53539244333903,1.8408233618432854
2872,574,1,0.39598292112350464,-4.21534276008606,13.070461591084799,2.1657876989763163
2875,574,4,0.5841382642587026,1.7286218802134197,12.395967801411947,2.3690468193534158
2878,575,2,-1.1782984336217244,10.313299496968588,12.229689598083496,1.2317376839905712
2881,576,0,0.17668365935484567,4.312633037567139,12.855688095092773,1.355024790036305
2884,576,3,0.12377908825874329,-0.669708768526713,13.382333119710287,1.7775579419121221
2887,577,1,-0.3171669642130534,-3.836071252822876,13.358737309773764,1.3836812081794203
2890,577,4,0.850200022260348,-3.1904519399007163,12.915886243184408,1.5213376615861829
2893,578,2,0.002448876698811849,2.6357118089993796,12.48854128519694,1.5851472384090732
2896,579,0,-0.4542517264684041,9.215301354726156,12.27098274230957,1.2125270228614167
2899,579,3,-0.24157324930032095,4.204268614451091,12.915005048116049,1.1978921361289296
2902,580,1,0.2615572015444438,0.43775590260823566,13.305239995320639,1.292789681512957
2905,580,4,-0.5601560771465302,-3.627817233403524,13.21026357014974,1.7156261940689541
2908,581,2,0.3509538372357686,-2.298257271448771,12.958765665690104,1.8027622058636015
2911,582,0,0.4025964041550954,2.506445993979772,12.649484952290853,1.6057367100364555
2914,582,3,-0.7145059108734131,7.143145561218262,12.654285430908203,1.6358203026267244
2917,583,1,0.5689548353354136,3.1213893493016562,13.267630577087402,1.8775870862489201
2920,583,4,-0.20056778689225516,-1.4832362979650497,13.582537651062012,2.0465945892851853
2923,584,2,-0.3866316080093384,-4.616498947143555,13.574879964192709,1.715264461243969
2926,585,0,1.28391499320666,-1.6255929470062256,13.218239148457846,3.261084788718032
2929,585,3,-0.955479621887207,5.9493504365285235,12.534892082214355,1.9490452913126635
2932,586,1,-0.5149654348691305,6.830831845601399,12.357313791910807,2.00498150696887
2935,586,4,0.1350118244687716,3.5840784708658853,13.026686986287435,1.979013728992012
2938,587,2,0.3047058830658595,-0.2084919074550271,13.559803326924643,1.5266543615742647
2941,588,0,-0.32166557510693866,-4.2043501536051435,13.678247133890787,1.6758570761354996
2944,588,3,0.42036643127600354,-4.585698525110881,13.258190790812174,1.4168878886570362
2947,589,1,0.6751098732153574,1.8089001973470051,12.426553726196289,1.6138839473767934
2950,589,4,-0.7990400791168213,9.600605964660645,12.01899528503418,1.9267216654306178
2953,590,2,-0.8463076328237852,5.236745993296306,12.47182528177897,2.0123567107551104
2956,591,0,-0.16090920567512512,1.3671563963095348,13.204760233561197,2.0518911061139207
2959,591,3,-0.27662789821624756,-3.5117741425832114,13.413438161214193,1.3071803137025506
2962,592,1,0.426326443751653,-4.693533897399902,13.028704325358072,1.5840495388173963
2965,592,4,0.6179219782352448,1.7288482586542766,12.350026766459147,1.6136587320970763
2968,593,2,-1.452799399693807,10.760156313578287,12.21599292755127,1.2757182443828705
2971,594,0,0.22540750106175741,4.198535442352295,13.05150063832601,1.5232691006486165
2974,594,3,0.16846682876348495,-0.303769962862134,13.471651395161947,1.3200597262395757
2977,595,1,0.05886527895927429,-3.87022074063619,13.510020891825357,2.026569431889895
2980,595,4,0.5406796932220459,-4.366921504338582,13.037818590799967,3.1026510742080475
2983,596,2,0.7341710329055786,-1.0238967339197795,12.372025807698568,2.6329707967054907
2986,597,0,-2.3141143123308816,12.750377972920736,11.71915372212728,1.9832916834701806
2989,597,3,-0.689241091410319,5.813453118006389,12.674005508422852,1.5761959350394295
2992,598,1,0.3394191563129425,-0.6544592181841532,13.323830922444662,2.2869634449365353
2995,598,4,-0.10954022904237111,-4.865424076716105,13.444270769755045,2.293001161522931
2998,599,2,0.7129590834180514,-3.6531143188476562,13.060295104980469,2.000161996661486
3001,600,0,-0.3815453499555588,5.659071286519368,12.237119356791178,1.4715247882981461
3004,600,3,-1.1315633455912273,9.394688447316488,12.091123898824057,1.5633171754003659
3007,601,1,0.08440928657849629,3.1221874554951987,13.023257573445639,1.6753294782847432
3010,601,4,0.2261556883653005,-1.7472720046838124,13.63403065999349,1.454339115740065
3013,602,2,0.19731153547763824,-3.5277533531188965,13.441497802734375,1.6145572371153136
3016,603,0,0.48355481028556824,-3.429945627848307,12.89605967203776,1.9929703987316099
3019,603,3,0.22740627328554788,4.378608018159866,11.970025698343912,1.8926820632570145
3022,604,1,-2.282196561495463,10.023519515991211,12.062119483947754,2.4174068233389057
3025,604,4,0.6225676536560059,3.137349287668864,13.087538401285807,1.7344683592394636
3028,605,2,-0.6106036255757014,-2.582472642262777,13.600638071695963,1.9843756883608747
3031,606,0,0.0009739100933074951,-3.921122948328654,13.255127906799316,1.873671431507321
3034,606,3,-0.24616251389185587,0.5279343525568644,12.622945785522461,2.081575696853381
3037,607,1,-0.4671696027119954,7.961921691894531,12.269823710123697,1.467205385858442
3040,607,4,-0.3929455280303955,5.456676483154297,12.78466796875,1.4775388906726212
3043,608,2,0.08070799708366394,0.2730986773967743,13.331244468688965,1.238678988147493
3046,609,0,-0.4474660853544871,-3.49013090133667,13.487505594889322,1.926589890216485
3049,609,3,-0.18944063782691956,-3.415156523386637,13.029436111450195,2.635654791093533
3052,610,1,0.4428885032733281,0.9707629680633545,12.414824485778809,2.559943571831227
3055,610,4,-0.9280274709065756,7.90629227956136,12.03968588511149,2.045457273749437
3058,611,2,-0.15355763832728067,4.606740792592366,12.536473910013834,1.635874962930761
3061,612,0,-0.37427277366320294,0.2929927408695221,13.214662551879883,1.5338219017185846
3064,612,3,-0.7357832590738932,-3.2978110313415527,13.022086461385092,1.5973582057024063
3067,613,1,0.0702815552552541,-2.0481854478518167,12.646676381429037,1.5244969841507074
3070,613,4,-0.780852327744166,5.566367467244466,12.261385281880697,1.8107083481525503
3073,614,2,-0.23907826840877533,6.686714967091878,12.591148058573404,1.6709493550764318
3076,615,0,0.20826109250386557,3.2678047021230063,13.277511914571127,1.367493937251102
3079,615,3,0.08617886900901794,-1.0410274267196655,13.592125256856283,1.9770485122222443
3082,616,1,-0.46731308102607727,-4.686720371246338,13.464533170064291,1.5399952268143347
3085,616,4,0.8692893783251444,-3.321299354235331,12.80286439259847,1.8814812152540465
3088,617,2,-0.7895639439423879,6.99762225151062,12.116651852925619,2.206764956059413
3091,618,0,-0.8085050185521444,7.1612348556518555,12.336919148763021,2.2481834460302377
3094,618,3,0.10989731550216675,2.222585305571556,13.061402956644693,1.7047066236401973
3097,619,1,-0.909019778172175,-3.580344001452128,13.252826054890951,1.6656209048293988
3100,619,4,0.9176567196846008,-3.954082489013672,12.984681129455566,1.6105022395789865
3103,620,2,0.05837900439898173,2.1220640738805137,12.264603932698568,1.551537411518412
3106,621,0,-1.0334698557853699,7.72243595123291,11.996783574422201,1.7135467560950657
3109,621,3,-0.22848759591579437,4.8590958913167315,12.593099594116211,1.5931191759209327
3112,622,1,0.36428265770276386,1.0268120964368184,13.163729985555014,1.6763277238550478
3115,622,4,-0.14151795705159506,-2.872535149256388,13.474600156148275,1.5016916125526854
3118,623,2,0.4056027829647064,-3.296189864476522,13.195354779561361,3.136032402513777
3121,624,0,0.7156492471694946,-0.7855175336201986,12.713579813639322,2.4565148507994907
3124,624,3,-1.1803088188171387,7.82582410176595,12.085607210795084,3.443073564714903
3127,625,1,-1.0609392722447712,6.774564107259114,12.517561594645182,1.5149833209652552
3130,625,4,0.5514604151248932,1.1981400847434998,13.095411618550619,1.3718630738809028
3133,626,2,-0.8190388182799021,-3.9730297724405923,13.227792739868164,1.5630885996801183
3136,627,0,0.6493157943089803,-2.796266953150431,12.848141034444174,1.8599968788849004
3139,627,3,-0.2708972891171773,5.190252463022868,12.079054832458496,1.1272034586253263
3142,628,1,-0.2583673397699992,6.877394517262776,12.417824109395346,1.211476114532979
3145,628,4,-0.021385335673888523,3.6287101109822593,12.969058672587076,1.762451083721066
3148,629,2,0.35984182357788086,0.6617538730303446,13.266612688700357,2.3044356484230684
3151,630,0,-0.7100828886032104,-4.098312298456828,13.330875714619955,1.3889629166663753
3154,630,3,0.24617218226194382,-4.858816623687744,13.059623082478842,2.9009594103888183
3157,631,1,0.8340213696161906,-0.6316473086675009,11.898427963256836,1.6687829918283112
3160,631,4,-1.5685927867889404,11.702864646911621,11.717652002970377,1.4969820802607632
3163,632,2,-0.1885314186414083,5.241322835286458,12.689468701680502,2.123826253337091
3166,633,0,0.134149303038915,0.42105811834335327,13.133342742919922,1.2999889249759538
3169,633,3,-0.48264697194099426,-4.658926328023274,13.181152979532877,1.6814042285282689
3172,634,1,0.8464214205741882,-3.0538989702860513,12.680642445882162,2.4242656606380066
3175,634,4,-0.6002895633379618,6.116974592208862,12.067255338033041,1.9575924815242463
3178,635,2,-0.07562116781870525,7.247146924336751,12.050130526224772,1.8573652479501692
3181,636,0,-0.20706284046173096,3.0598692496617637,12.925955454508463,1.246390660966464
3184,636,3,-0.278020183245341,-0.5927804509798685,13.353659311930338,1.7323212161095334
3187,637,1,-0.4853580792744954,-2.6402580738067627,13.412490526835123,1.7108297905281613
3190,637,4,0.7179874380429586,-1.2653432289759319,12.90760358174642,1.5566575421018047
3193,638,2,-0.5231337547302246,4.773638288180034,12.420814514160156,1.9259443106380683
3196,639,0,0.8806968231995901,5.1466859976450605,12.631778399149576,1.8432100966385372
3199,639,3,-0.29339364171028137,1.5085043509801228,13.070795059204102,1.6715701312750122
3202,640,1,-0.4065889815489451,-0.1651086856921514,13.06350072224935,1.2524228401142905
3205,640,4,0.014049390951792399,-2.633417328198751,12.9550142288208,2.3997009603914097
3208,641,2,0.49116019407908124,0.17676019668579102,12.739063580830893,2.3031637371625737
3211,642,0,-0.15002242724100748,6.057454744974772,12.433379173278809,1.7115011402949707
3214,642,3,-0.03825303912162781,3.6513900756835938,12.548048337300619,2.1119804830994284
3217,643,1,-0.4970743656158447,0.7844739456971487,12.83212947845459,2.315541906360664
3220,643,4,-1.1121690273284912,-0.5052623649438223,12.754618008931478,1.9150256896373776
3223,644,2,-0.41272492458422977,-0.9959800243377686,12.551959673563639,2.0727180228057276
3226,645,0,-0.22218326975901923,1.2454754387338955,12.453131993611654,1.9595445674546859
3229,645,3,-0.016632720828056335,5.2718790372212725,12.638182004292807,2.5621179485797936
3232,646,1,-0.27027525504430133,4.518062273661296,12.929753939310709,1.5321496874483274
3235,646,4,0.6876743733882904,1.1897993211944897,13.336191813151041,1.5016575250914261
3238,647,2,-0.6558941602706909,-3.3890809218088784,13.366263707478842,1.3561475397243796
3241,648,0,0.1567861537138621,-4.670192718505859,12.753562927246094,1.3008109678108062
3244,648,3,-0.5283742745717367,1.6752125819524128,12.058589299519857,1.6443959740093959
3247,649,1,-1.1419514815012615,8.872634410858154,12.171531041463217,1.7598159301112097
3250,649,4,0.20096619923909506,3.8914879163106284,12.476110776265463,1.7638877276629363
3253,650,2,-0.23276283840338388,1.9332428177197774,12.865405082702637,1.5564513574849184
3256,651,0,-0.39859362443288165,-1.9987196922302246,12.824624061584473,1.4726635741784933
3259,651,3,0.052568177382151283,-3.1821425755818686,12.703420003255209,1.5184354941345133
3262,652,1,0.35891621311505634,0.7381686568260193,12.03359317779541,1.866155411309478
3265,652,4,-2.1600173711776733,9.117961565653482,11.993936856587728,1.357225605303513
3268,653,2,0.03372583786646525,4.5747443834940595,12.890176137288412,2.50905811987214
3271,654,0,0.5171249310175577,0.9276802738507589,13.129346211751303,2.057481290678036
3274,654,3,-0.9497031966845194,-2.742402990659078,13.213160832722982,1.3244808996380553
3277,655,1,0.3519357045491536,-3.2692187229792276,12.932214736938477,1.4727738108724928
3280,655,4,0.22371627390384674,0.5078425208727518,12.382612228393555,1.7918309776159091
3283,656,2,-0.9283168713251749,6.422777493794759,12.081257502237955,1.3084758510091745
3286,657,0,-0.6433336933453878,5.520436684290568,12.514097849527994,1.2444059113531898
3289,657,3,-0.21301475167274475,1.2004727125167847,12.889979044596354,1.773701101277812
3292,658,1,-0.4284188548723857,-2.300587256749471,13.14240296681722,1.2793997065689962
3295,658,4,0.3212990164756775,-3.2601394653320312,12.981365521748861,2.192976227421461
3298,659,2,0.20884665846824646,-2.4119672377904258,12.464634577433268,2.8094178766752678
3301,660,0,-0.6317742665608724,7.915225823720296,11.848478317260742,1.411793219951577
3304,660,3,-0.8087161779403687,7.905507405598958,12.003839810689291,3.0364649109045962
3307,661,1,-0.3585437536239624,3.2780022621154785,12.849076271057129,1.5386082107510142
3310,661,4,-0.5534698565800985,-1.3717051049073536,13.345320383707682,1.7270232267716707
3313,662,2,0.018376583854357403,-3.4832753340403237,13.136431694030762,1.7529050625923002
3316,663,0,0.5271704792976379,-0.31454065442085266,12.966086705525717,2.500039474933631
3319,663,3,-0.6429902414480845,5.075577179590861,12.240528106689453,1.999807958434377
3322,664,1,-0.7341065804163615,6.13001028696696,12.206439654032389,2.7980381207484335
3325,664,4,-0.06685163080692291,1.9997282773256302,12.761616071065268,1.3694012099781776
3328,665,2,-0.5941364963849386,-2.916860898335775,13.049928029378256,1.4645511972552174
3331,666,0,0.36697901288668316,-3.5047508080800376,12.791574478149414,2.7033606220205564
3334,666,3,0.30191291868686676,-1.0904916127522786,12.413709958394369,3.0792296641872134
3337,667,1,-0.9674145877361298,7.118693192799886,11.852962811787924,1.7060562557604173
3340,667,4,-1.3351271152496338,6.7435533205668134,12.428839365641275,1.3023545410548676
3343,668,2,0.01083943247795105,3.5566733280817666,12.862587610880533,1.6627304537849865
3346,669,0,0.12211788694063823,-0.03657441337903341,13.220434188842773,1.4568004371111882
3349,669,3,-0.832857092221578,-4.284514983495076,13.045576731363932,1.513383328266362
3352,670,1,0.08524798850218455,-3.791545550028483,12.377899805704752,2.102228013156753
3355,670,4,0.360273540019989,3.768422613541285,11.829302151997885,2.297980079898814
3358,671,2,-1.1212186813354492,8.4594939549764,11.841047922770182,1.9637999205863357
3361,672,0,0.23279552658398947,3.1761189897855124,12.61531893412272,2.356241586486994
3364,672,3,-0.3438683748245239,-2.1968356470266976,12.804813067118326,1.595583311885293
3367,673,1,-0.426435723900795,-3.6384807427724204,12.706149419148764,1.3830121346871416
3370,673,4,0.7195279995600382,-1.3809571663538616,11.946267445882162,1.8974092785185332
3373,674,2,-1.3717442254225414,10.619984944661459,11.37848695119222,2.3059195325785593
3376,675,0,-1.4229742685953777,6.219662189483643,12.264728864034018,2.3488189946868867
3379,675,3,-1.199766476949056,3.156564195950826,12.542793273925781,1.9910400701340099
3382,676,1,-0.9001051684220632,-1.3719070951143901,13.043136278788248,1.5674805319631975
3385,676,4,0.587129016717275,-3.993193785349528,12.908594449361166,2.963767811957323
3388,677,2,-0.19437564412752786,-2.9300652742385864,12.211949030558268,1.8602134740830156
3391,678,0,-1.2426089545090993,7.301949501037598,11.555532773335775,1.3227808482112122
3394,678,3,-0.41932837168375653,7.858002742131551,11.916687965393066,1.5531075029287162
3397,679,1,-0.03825996319452921,1.7395438353220622,12.759257316589355,1.5658541185707573
3400,679,4,-0.01809328297773997,-1.29586257537206,13.014316240946451,1.3236028932692872
3403,680,2,0.4403449594974518,-3.1947783629099527,12.943469365437826,2.2345360376504706
3406,681,0,-0.023694490393002827,-2.195574641227722,12.344925880432129,1.7858076784452797
3409,681,3,-0.5220354745785395,5.003822008768718,12.107234319051107,1.9450963015698264
3412,682,1,-1.3641420205434163,7.199779351552327,11.882901827494303,3.628478089647252
3415,682,4,-0.5747965474923452,4.106473207473755,12.285964647928873,2.509205253023008
3418,683,2,-0.4465043644110362,0.5537732224911451,12.759443283081055,1.7032817600525532
3421,684,0,-0.44273943702379864,-0.7820213238398234,12.705923716227213,1.4582913214917446
3424,684,3,-0.57334104180336,-1.2834627827008565,12.373501459757486,1.5507804898978172
3427,685,1,-0.09576080242792766,1.151110291481018,12.131035168965658,1.482172743855011
3430,685,4,-0.6133208970228831,5.400845607121785,11.972620328267416,1.4232711402887472
3433,686,2,-0.5343808730443319,6.378610293070476,12.340245564778646,2.1917662999779366
3436,687,0,-0.43942780296007794,3.2232402165730796,12.638245582580566,3.0212694075428694
3439,687,3,-0.5646527210871378,0.5638587474822998,13.045966466267904,1.959231596402522
3442,688,1,-0.8543928861618042,-3.9972599347432456,12.714729944864908,1.3813775018176802
3445,688,4,-0.3813372055689494,-1.715260664621989,12.716605504353842,1.854480609516824
3448,689,2,-0.27633772293726605,0.6267642478148142,12.316679318745932,1.8085970451319084
3451,690,0,-0.5805103580156962,5.674010117848714,11.944072087605795,1.5679921286419554
3454,690,3,-0.4385059674580892,3.9877451260884604,12.259169260660807,1.9630206263303769
3457,691,1,-0.3569062650203705,3.2968326807022095,12.497711817423502,1.7941401236770032
3460,691,4,0.013545513153076172,-1.093757579723994,13.022753397623697,1.4608431648979419
3463,692,2,-0.8186752597490946,-5.456050554911296,12.594040234883627,1.3784302994823374
3466,693,0,0.5749271810054779,-2.6740546921888986,12.135120073954264,2.764394823557831
3469,693,3,-0.5763420859972636,6.971004486083984,11.586961428324381,2.3211905195647122
3472,694,1,-1.0596915632486343,7.89939816792806,11.63119920094808,3.5171292934615734
3475,694,4,-0.8189566433429718,3.0713213284810386,12.427820523579916,1.5863992181613362
3478,695,2,0.20111089944839478,-0.2660553455352783,12.681536356608072,1.5052022059999697
3481,696,0,0.2654953598976135,-1.3202589750289917,12.762439409891764,1.4045896791304007
3484,696,3,-0.8189865499734879,2.266158620516459,12.586441357930502,1.3059924193326742
3487,697,1,0.21194049715995789,3.0414512952168784,12.284163157145182,1.8629794206356287
3490,697,4,-0.5701005359490713,3.316802740097046,12.194514274597168,3.0966339449996894
3493,698,2,-1.057794193426768,2.3274563550949097,12.372537930806478,3.1889422398588656
3496,699,0,-0.36420916269222897,-2.0666072567303977,12.44381014506022,2.6833745988715427
3499,699,3,0.5367417857050896,-3.400635242462158,12.457761764526367,1.503941155983456
3502,700,1,-0.13308308521906534,-2.529726227124532,12.409873326619467,1.9716195293767076
3505,700,4,-0.49862052500247955,5.641836563746135,12.116514523824057,3.621443231680697
3508,701,2,-0.7519631783167521,6.43051290512085,12.18729337056478,1.7367257479574638
3511,702,0,-0.6855984429518381,3.6786278088887534,12.32534917195638,1.973162472276113
3514,702,3,-0.6053634285926819,1.0322554508845012,12.480484008789062,1.4893647871402809
3517,703,1,0.47137129803498584,-0.7200273002187411,12.365329424540201,1.678351793962884
3520,703,4,-0.1923378606637319,-1.1667814254760742,12.304924964904785,1.689496514158083
3523,704,2,-0.8594861427942911,1.5568505922953289,12.109670003255209,2.668383203685618
3526,705,0,-0.6686985194683075,2.1665229002634683,11.899055480957031,1.7219157386752801
3529,705,3,-0.925944373011589,5.607832590738933,12.088271141052246,1.5263355245938532
3532,706,1,0.0130461057027181,5.408219814300537,12.403007507324219,1.542248958105063
3535,706,4,0.03467849890391032,1.9619945486386616,12.879311243693033,1.6675150307019395
3538,707,2,-0.8518653313318888,-1.8113167683283489,12.877113024393717,1.7569064898299391
3541,708,0,-0.5110727772116661,-4.195563157399495,12.51042652130127,1.8685344959087897
3544,708,3,0.06847470998764038,-0.5526292125384012,12.130603472391764,2.2435279725358295
3547,709,1,-0.736934244632721,4.336239814758301,12.039539019266764,1.4026946696352633
3550,709,4,-0.33266892035802204,3.859982967376709,12.216075579325357,1.958678816035403
3553,710,2,-0.4205004076162974,3.412511666615804,12.316084543863932,1.9577819377948684
3556,711,0,-0.9272748430569967,-0.9371139208475748,12.405474662780762,1.933130444401611
3559,711,3,-0.9128747681776682,-4.277420838673909,12.269523620605469,1.4016718680703926
3562,712,1,0.7796210845311483,0.14144873122374216,11.857135772705078,1.411597395382292
3565,712,4,-0.07998933394749959,2.6186791261037192,11.369867324829102,1.894253351520459
3568,713,2,-1.3751124143600464,7.234837055206299,11.323192278544107,1.7040164862586726
3571,714,0,-0.6631966779629389,3.0626084009806314,12.13708782196045,1.5664948230933893
3574,714,3,-0.19899855057398477,-2.0427680611610413,12.279270807902018,1.5085092250897685
3577,715,1,-0.300762414932251,-2.4519262313842773,11.722611745198568,1.396882853543686
3580,715,4,-0.01175991694132487,4.729641278584798,11.439179102579752,1.7752858063504042
3583,716,2,-1.261035641034444,8.368682861328125,11.473347028096518,1.5713642710309923
3586,717,0,-0.8043103168408076,4.114426851272583,12.354026158650717,2.02827243960892
3589,717,3,-0.3477584620316823,0.0051148732503255205,12.710206985473633,1.680354054266708
3592,718,1,-0.2565973401069641,-2.238034804662069,12.469717025756836,1.5583014583379473
3595,718,4,-0.13181430101394653,-0.34030123551686603,12.336648941040039,1.479604786551598
3598,719,2,-1.0687607924143474,7.081716140111287,11.666369438171387,2.0644740943687787
3601,720,0,0.730428953965505,4.633113265037537,11.994290033976236,2.7991667069495336
3604,720,3,-1.0351510246594746,-1.576637625694275,12.103775024414062,1.8160844798612132
3607,721,1,-0.10589331388473511,-0.6931752488017082,12.055622418721518,1.2048375540296423
3610,721,4,-0.5490602006514868,2.6709295908610025,11.841180801391602,1.5989056458320468
3613,722,2,0.018883056938648224,1.6079024871190388,12.1035737991333,1.28515712059623
3616,723,0,-1.0850254495938618,4.170109828313191,11.837383270263672,1.8215536457802781
3619,723,3,-0.20136910676956177,4.183247884114583,12.126152674357096,1.6664333193933742
3622,724,1,-1.0040523608525593,2.213744878768921,12.37698491414388,1.87403304950489
3625,724,4,-0.9835288921991984,1.528655747572581,12.518691698710123,1.833233098047322
3628,725,2,-0.14924612641334534,0.6154660955071449,12.237764040629068,1.5382888874038592
3631,726,0,-0.4136495292186737,0.3823636658489704,12.375611305236816,1.591889815876063
3634,726,3,-0.3223651895920436,-0.4526136815547943,12.164397557576498,1.4765023191168787
3637,727,1,0.03921098013718923,-0.8751361158986887,11.855754852294922,1.7003027282733134
3640,727,4,-0.6404553254445394,1.282624880472819,11.747579574584961,1.6788811176421465
3643,728,2,-0.6239705284436544,5.377064387003581,11.801336924235025,1.6573632013173079
3646,729,0,-0.648031622171402,7.057708581288655,12.053935686747232,1.5374230400057212
3649,729,3,0.17497700452804565,0.6482584079106649,12.418987592061361,2.099194395549256
3652,730,1,-1.3440802494684856,-4.782349745432536,12.099592844645182,1.7554059686912673
3655,730,4,0.36457426349322003,-0.24306482076644897,11.789681116739908,1.6350843385343863
3658,731,2,-0.8736458321412405,5.903438250223796,12.02146848042806,1.621938608113403
3661,732,0,-0.031412417689959206,3.8508854309717813,12.20340092976888,1.5139561581528576
3664,732,3,-0.3497583121061325,0.5729453464349111,12.34046713511149,1.8663946969857432
3667,733,1,0.15120230615139008,1.0137542247151334,12.47930876413981,3.0123724172399613
3670,733,4,0.008760002752145132,2.4522365729014077,12.410112380981445,1.5677162263383575
3673,734,2,-0.150256077448527,2.130775729815165,12.109295527140299,2.7256748264914896
3676,735,0,-0.2349539796511332,1.4730632305145264,12.229471524556478,1.6873337668772717
3679,735,3,-1.0499236583709717,0.24284764130910239,11.813535690307617,2.7730613807846125
3682,736,1,-0.36879093448321026,3.2407702604929605,12.029773076375326,1.74323078294032
3685,736,4,0.29066630204518634,3.3412601153055825,12.422177950541178,2.3657673090572167
3688,737,2,0.03884745885928472,1.0051171878973644,12.741373697916666,2.3756028700906078
3691,738,0,-0.9985640645027161,-1.2074953615665436,12.408493677775065,1.7988062286477415
3694,738,3,-0.1201989899079005,-3.0787912209828696,11.941682815551758,3.0788232185061006
3697,739,1,-0.8041549424330393,-1.2528580327828724,11.6509796778361,1.6369009327094648
3700,739,4,-0.9861425757408142,6.804622968037923,11.46094036102295,2.102427216153576
3703,740,2,-0.609883780280749,5.25210428237915,11.412380536397299,1.677889907815506
3706,741,0,-0.7852663397789001,4.076948801676433,11.963101387023926,1.9109527615912327
3709,741,3,-0.02960093816121419,2.0740724007288613,12.293314933776855,1.4018228986858379
3712,742,1,-0.5009814153114954,-3.2162832021713257,12.332728068033854,2.4126143412299847
3715,742,4,0.5807650362451872,-0.7054022947947184,12.154266993204752,3.344334168496881
3718,743,2,-1.211132248242696,4.807005882263184,11.946762720743815,2.9486855210328975
3721,744,0,-0.6000843445460001,4.727932691574097,12.383647600809732,5.756646589326931
3724,744,3,-0.4561746120452881,0.6897516349951426,12.518410046895346,1.7839086123097676
3727,745,1,0.09702494740486145,-1.2144555846850078,12.354432106018066,1.7824550715236975
3730,745,4,0.10028038422266643,-2.12052329381307,11.880196889241537,2.063653594622258
3733,746,2,-0.4815513888994853,5.5537740389506025,11.765179316202799,2.6956183017338753
3736,747,0,-0.26208964983622235,4.242960214614868,11.622577031453451,4.446755944732911
3739,747,3,-0.6978166004021963,-0.9662688026825587,11.722407976786295,2.9107251295445535
3742,748,1,-0.5291961828867594,0.9838424324989319,11.686880111694336,3.6425951853872647
3745,748,4,-0.37419892350832623,1.3160484631856282,11.90471108754476,1.7329349287763165
3748,749,2,-1.6157642205556233,5.219364007314046,12.388212521870932,4.172608247287585
3751,750,0,0.22967840731143951,3.4706149101257324,12.179363886515299,1.4570600566305083
3754,750,3,-0.41503794491291046,-1.8450623452663422,12.423041979471842,1.9294087310873176
3757,751,1,-0.18102163076400757,-2.3813633918762207,11.63784408569336,2.5827817838317664
3760,751,4,-0.7645070751508077,1.9272251774867375,11.321571667989096,1.794257410140049
3763,752,2,-0.07510752479235332,7.722224076588948,11.55270512898763,3.1118769697434927
3766,753,0,-0.09635270635286967,4.731163024902344,12.446969032287598,3.01134710028357
3769,753,3,0.3798028826713562,0.9548876086870829,12.626283963521322,1.7204968414409436
3772,754,1,-0.3689691623051961,-5.978403250376384,11.956317901611328,2.207053903212285
3775,754,4,0.02752622961997986,0.4158594086766243,11.846652030944824,4.340974914350505
3778,755,2,-1.8755224148432414,9.362992922465006,11.486169497172037,3.8636103378558766
3781,756,0,-0.7154555718104044,3.780044158299764,11.895476341247559,1.7889098874175808
3784,756,3,-0.37082333614428836,3.479278246561686,12.046189308166504,1.70384499094712
3787,757,1,-0.19255115588506064,0.387056698401769,12.305878003438314,1.7992660542788455
3790,757,4,-0.5508880217870077,-4.626760880152385,11.841793696085611,1.928335663817905
3793,758,2,-0.3143293509880702,0.659173846244812,11.701328913370768,1.299946997628972
3796,759,0,-0.9134176472822825,5.397741317749023,11.79753049214681,1.6069568161394898
3799,759,3,-0.0576593354344368,1.4977785746256511,11.752854347229004,1.9723121265992285
3802,760,1,0.08193816741307576,-5.562509377797444,11.769100507100424,2.087689986363934
3805,760,4,-0.07630372047424316,-6.546576817830403e-05,11.803208351135254,1.9549701525937586
3808,761,2,-0.9991886715094248,6.159058888753255,11.475101470947266,2.190725072711935
3811,762,0,-1.751322865486145,8.606392542521158,11.148078600565592,2.1589857443675258
3814,762,3,-0.49223580956459045,2.2339423100153604,11.923155148824057,2.1032380236691597
3817,763,1,-0.9728243549664816,2.098964254061381,11.458548545837402,1.5484425943658533
3820,763,4,-0.39638078212738037,3.5926760037740073,12.047183990478516,1.682379452505696
3823,764,2,-0.9961387813091278,3.8760287761688232,11.973148981730143,2.459703878644186
3826,765,0,-0.92754927277565,-1.4330670932928722,12.143936475118002,2.7173399310503306
3829,765,3,-0.9247098763783773,-2.0720261335372925,12.232235590616861,1.4782952417786615
3832,766,1,-1.1682432691256206,1.5078701575597127,11.392987251281738,3.856232897227906
3835,766,4,-0.04431283473968506,5.612359205881755,11.85407288869222,1.9565970583609869
3838,767,2,-0.4741892491777738,3.9413270950317383,12.23575210571289,2.5705454236401004
3841,768,0,-0.3700309197107951,2.3962557315826416,12.133578300476074,1.567581282999705
3844,768,3,-1.153494695822398,-1.904215673605601,12.117664337158203,3.0724935920658454
3847,769,1,0.21337716778119406,-1.308289537827174,11.419763247172037,2.1294559835988713
3850,769,4,-2.8982234795888266,9.256864229838053,11.093825022379557,3.3981855629927917
3853,770,2,0.6743985861539841,4.96268089612325,12.126852035522461,1.9977155736252492
3856,771,0,-0.6736379961172739,-1.9382830460866292,12.297239303588867,1.761036602002006
3859,771,3,-0.7812447051207224,-1.9309358696142833,12.16525967915853,2.6604475461175343
3862,772,1,0.015032917261123657,2.998866001764933,11.747936248779297,3.423693059509892
3865,772,4,-0.7742730379104614,4.4809151490529375,11.893468538920084,1.5169195526701158
3868,773,2,-0.47969290614128113,2.871575355529785,12.070815722147623,2.533010586749148
3871,774,0,-0.5772316058476766,-1.9902785221735637,11.710221290588379,2.042632755391707
3874,774,3,-0.00049095352490743,-2.314740260442098,12.131457964579264,2.2570790589980927
3877,775,1,-0.2936776280403137,0.1391616016626358,11.779425938924154,3.487904222298354
3880,775,4,-1.3360510468482971,5.618431091308594,12.180842081705729,3.2891466844777937
3883,776,2,-1.2557101249694824,5.885022322336833,11.578756014506022,1.4263429124411893
3886,777,0,0.04085920254389445,-0.8690698544184366,12.008182525634766,1.9990779426443268
3889,777,3,-0.8805144429206848,-3.0132922331492105,12.226297378540039,1.6061256023341768
3892,778,1,-0.6510063409805298,-5.598755598068237,11.973312060038248,2.7500774253167806
3895,778,4,-0.08025568723678589,1.4536376396814983,10.93189779917399,1.3997454030449141
3898,779,2,-1.8847330411275227,9.439950625101725,11.525810241699219,2.048538888050386
3901,780,0,-0.7752019166946411,2.0104475816090903,11.99515151977539,2.7265219130446283
3904,780,3,-0.3660890261332194,-1.8312408328056335,11.781062126159668,5.617244484441701
3907,781,1,-0.3670981526374817,-1.1698083678881328,11.938780148824057,2.738247794422204
3910,781,4,-1.1797470450401306,4.50034228960673,11.415343602498373,4.2967236469877355
3913,782,2,-1.2647596597671509,8.109933217366537,11.140084266662598,1.488302510986151
3916,783,0,-1.1172757943471272,4.0011716683705645,11.699993133544922,2.6286901196264636
3919,783,3,-0.3553130552172661,0.5677398641904196,11.817695617675781,2.504719172969379
3922,784,1,-0.3130818208058675,0.025922109683354694,12.384517669677734,2.363743941839763
3925,784,4,-0.48797977964083356,1.551745613416036,12.025917053222656,2.082159080864708
3928,785,2,-0.6484882036844889,-2.7728091006477675,11.782145182291666,2.423586171723574
3931,786,0,-0.3979327380657196,-3.8968331813812256,11.799745877583822,3.4985164656893204
3934,786,3,-1.0315384070078533,5.635189533233643,10.957919120788574,3.3044043960234997
3937,787,1,-0.3772948781649272,6.689824263254802,11.278374036153158,2.3216933374597795
3940,787,4,0.12441587448120117,1.4709058503309886,12.372785886128744,1.64339177451271
3943,788,2,-0.9464212854703268,-1.4464968542257945,12.484233220418295,1.9127322066144596
3946,789,0,-0.9357161819934845,-3.5929245154062905,11.439446131388346,2.703342612137099
3949,789,3,-0.4723854859670003,2.1875643730163574,11.254643122355143,2.0651557652423613
3952,790,1,-1.0772452751795452,8.07597827911377,10.7145414352417,2.7162158028355283
3955,790,4,-1.01331893603007,5.123441696166992,11.444868723551432,2.2356157862896064
3958,791,2,-0.3809066315491994,0.5722968180974325,12.413371086120605,2.8063082478952133
3961,792,0,-0.0054808805386225385,-1.3841432730356853,12.244670232137045,1.9704662240582174
3964,792,3,-0.4838208208481471,0.32203930616378784,11.593546549479166,3.2525605724155215
3967,793,1,-0.7825110852718353,2.7578287919362388,11.90473492940267,3.2358404584128366
3970,793,4,-0.6135944922765096,3.8931944370269775,11.70766512552897,2.6680582693989963
3973,794,2,0.04876072208086649,1.512645383675893,11.974308967590332,1.968701702782442
3976,795,0,-0.0890463391939799,-0.09811514522880316,11.80286439259847,2.074168003482814
3979,795,3,-0.2690397600332896,4.464141368865967,11.92872397104899,4.474464632259849
3982,796,1,-1.1311707496643066,3.649703582127889,12.3589506149292,3.4940368307813183
3985,796,4,-0.602584958076477,0.569002608458201,11.945753733317057,1.4739371083063117
3988,797,2,-1.1934147675832112,-3.9409896532694497,11.528125762939453,1.9772593333000341
3991,798,0,0.015806913375854492,-0.6370497941970825,10.807605425516764,2.0353354115791245
3994,798,3,-1.6178889671961467,8.194425264994303,11.458519299825033,2.636950802184422
3997,799,1,0.0573577806353569,2.979155500729879,11.982452074686686,1.8330244570798702
4000,799,4,-0.2680195967356364,0.536884938677152,11.731328010559082,1.6350052619026345
4003,800,2,-1.5130425691604614,-1.8062248826026917,12.144662539164225,1.9347377272343316
4006,801,0,-0.2751606305440267,0.3944358825683594,11.423239707946777,2.4171141105668372
4009,801,3,-1.3308863639831543,4.473809798558553,11.477180163065592,2.854547432204761
4012,802,1,-0.741515576839447,8.177987098693848,11.349170684814453,2.5770373251192167
4015,802,4,-0.20928284029165903,1.2598668038845062,12.213701248168945,1.4749439394046344
4018,803,2,-0.7923151055971781,-4.35976101954778,12.08590030670166,1.652254240999986
4021,804,0,0.4403712550799052,-0.46565596262613934,11.634904543558756,5.440092776112432
4024,804,3,-0.3624231020609538,4.340158224105835,11.505355517069498,4.055107602141297
4027,805,1,-0.8147962888081869,5.129257837931315,11.139422416687012,2.97725040962415
4030,805,4,-1.2796151439348857,2.771569569905599,11.733160654703775,1.855335032448309
4033,806,2,-0.5575864886244138,2.327314615249634,11.723601977030436,3.3935844715795
4036,807,0,-0.35544171929359436,3.9941157499949136,12.131513913472494,1.6478695852008725
4039,807,3,-0.5004643412927786,-1.5322888692220051,12.032322565714518,1.8022320229383366
4042,808,1,-0.059264292319615684,-5.201632022857666,11.583366711934408,4.240904423100247
4045,808,4,-0.6110236396392187,1.2530935605367024,11.152828216552734,2.642632755011368
4048,809,2,-3.514917532602946,9.728670438130697,11.153843561808268,3.3888566202970067
4051,810,0,1.3635809620221455,2.0276190166672072,11.980496406555176,2.5516681216290826
4054,810,3,-0.5239043285449346,0.8224765261014303,11.613829612731934,2.7292183879018506
4057,811,1,-0.9258020321528116,3.1715287367502847,11.950011253356934,3.110332566556391
4060,811,4,0.08545432488123576,3.587062438329061,11.979437192281088,2.933913856386237
4063,812,2,-1.651016612847646,-1.310368498166402,11.64880084991455,3.872211909065479
4066,813,0,-0.7915287812550863,-2.0834036270777383,11.846720059712728,4.502235972618233
4069,813,3,-0.9680769443511963,5.510862668355306,12.011781692504883,3.9065007240629477
4072,814,1,-1.3086223006248474,5.523268063863118,11.98430601755778,4.862715474406375
4075,814,4,-1.0749425093332927,0.5050339649120966,12.023162841796875,4.744806414387319
4078,815,2,-0.6698736250400543,-3.6956210931142173,11.930375417073568,3.35534224186852
4081,816,0,0.6186578894654909,-1.3706688086191814,11.197605768839518,3.5104588015555067
4084,816,3,-0.6089886625607809,8.252880255381266,11.57568073272705,3.9634643937912184
4087,817,1,-1.2026588916778564,4.8316389719645185,11.810478528340658,2.659699269040621
4090,817,4,-0.37931646903355914,-1.7056077718734741,12.220179875691732,2.1293434974910967
4093,818,2,-0.294403612613678,-3.5299368699391684,12.095905621846518,3.3506799963951805
4096,819,0,-0.04167253772417704,1.3306255259861548,11.406827926635742,4.830587624368962
4099,819,3,-1.1539211471875508,6.142543315887451,11.210000356038412,3.842429812111382
4102,820,1,-1.85457976659139,4.608052651087443,12.017317454020182,2.7775519896174328
4105,820,4,-0.9531682829062144,3.0241755644480386,12.201748530069986,2.008843033756392
4108,821,2,-0.5377082526683807,0.6488800744215647,12.549772580464682,1.9928852871018747
4111,822,0,-0.8150796095530192,-3.8738578955332437,12.36389414469401,3.9617778960762657
4114,822,3,-0.7785816391309103,-3.818519135316213,12.041721026102701,5.196101585765011
4117,823,1,-0.7405028293530146,4.390766779581706,11.531984647115072,1.9092719210983367
4120,823,4,-0.8202900389830271,6.3361334800720215,11.079869906107584,2.0961819654743756
4123,824,2,-1.0032905836900075,2.653252681096395,12.028616587320963,4.803169032629969
4126,825,0,0.019288430611292522,0.6471674293279648,12.317161242167154,4.321646538817146
4129,825,3,-0.10911569992701213,0.8200824658075968,11.98840300242106,5.62354518255875
4132,826,1,-0.6519357661406199,0.5257102251052856,11.883902867635092,3.956805282843186
4135,826,4,-0.41077806303898495,1.5306458075841267,11.405750592549643,4.037407736227226
4138,827,2,-0.6467178662618002,4.67907698949178,11.380008379618326,4.251273793781064
4141,828,0,-0.40664108594258624,2.6489458878835044,12.141994794209799,3.4911982579829384
4144,828,3,-0.9313941399256388,-3.4991597334543862,11.76779556274414,5.142876846580779
4147,829,1,0.3149230480194092,-0.9631728927294413,12.034071922302246,4.756124251800696
4150,829,4,-1.2769943078358967,4.467186609903972,11.442350069681803,2.8677583144366703
4153,830,2,-0.44788461923599243,4.953613758087158,11.380143483479818,4.946223324735758
4156,831,0,-0.7272779941558838,1.0724087258179982,11.792962074279785,2.896258065878946
4159,831,3,-0.5434117714564005,-1.3688981334368389,11.90351645151774,2.2670248970247275
4162,832,1,-0.9793957968552908,0.6738615234692892,11.921523729960123,4.8819350584558805
4165,832,4,-1.1465338865915935,3.5084179242451987,11.99317200978597,4.659336107247802
4168,833,2,-0.7177868212262789,-0.01670430103937785,12.140960693359375,2.6125014171475853
4171,834,0,-0.3177639643351237,-0.3030298352241516,12.085295995076498,4.870417354844608
4174,834,3,-0.423537810643514,7.3703179359436035,11.403800964355469,4.770170736675824
4177,835,1,-0.3796775738398234,1.2074273725350697,12.292795499165853,4.106186373633211
4180,835,4,-0.667017420132955,-1.5157970190048218,12.603604316711426,2.4045215496997963
4183,836,2,-0.5438188711802164,-1.260922114054362,12.344274838765463,4.011939982637773
4186,837,0,-0.39583659172058105,0.856858104467392,12.08430035909017,4.7205687297575
4189,837,3,-1.1308547059694927,5.5015584627787275,11.513877868652344,4.754191063664558
4192,838,1,-0.7503991723060608,3.9532188177108765,11.428203582763672,3.1806982053296964
4195,838,4,-0.8003194729487101,0.5297732949256897,11.882894198099772,3.4704871374650836
4198,839,2,-1.3201698462168376,1.9448086023330688,11.74983819325765,5.3102700596136225
4201,840,0,-0.7724850376447042,2.75917387008667,12.05561383565267,3.1628018840081418
4204,840,3,-0.8034318039814631,2.750554005304972,12.104021390279135,3.1306325737483696
4207,841,1,-0.8802086561918259,-0.06716100374857585,12.431762059529623,4.28025214409845
4210,841,4,-1.124886155128479,-3.9704220294952393,11.698856989542643,3.5810625797631555
4213,842,2,-0.4865468541781108,2.5619218349456787,11.62646516164144,2.468283078775805
4216,843,0,0.3847293158372243,3.95499724149704,11.773189544677734,2.712120990144595
4219,843,3,0.03491367896397909,-3.6068220138549805,11.79809824625651,1.9658273487230387
4222,844,1,-1.020161896944046,-5.306639353434245,11.166509946187338,3.317216293341074
4225,844,4,-0.2443444530169169,2.147625684738159,10.451149940490723,1.794750303196718
4228,845,2,-2.9338057041168213,13.044479370117188,10.816202799479166,3.6957429235681225
4231,846,0,0.38212868571281433,4.799721161524455,12.066401799519857,3.641917061202996
4234,846,3,-1.1973285377025604,-1.2783597310384114,12.349693616231283,3.141496014359674
4237,847,1,-1.0821802814801533,-3.1850268840789795,12.425827026367188,2.971053962217413
4240,847,4,0.27585644523302716,-0.8627637227376302,11.476080576578775,2.0705946897557665
4243,848,2,-1.9761529763539631,9.69228219985962,11.625725746154785,2.08696183323406
4246,849,0,-0.917458693186442,4.9309775829315186,11.893512725830078,4.745320465265151
4249,849,3,-0.5860094825426737,-2.6668937603632608,12.239188194274902,4.385345766866464
4252,850,1,-0.26455968618392944,-2.7677939335505166,12.077875773111979,3.468388452865297
4255,850,4,-0.9098037481307983,5.353899200757344,12.116087913513184,3.666972256581007
4258,851,2,-1.1680567463239033,1.137719750404358,11.455864906311035,3.5035010940195908
4261,852,0,-1.363120585680008,-3.371762196222941,11.255416552225748,4.487907111054931
4264,852,3,-1.1174260278542836,4.086770494778951,10.933219273885092,2.479738540535562
4267,853,1,0.09404256939888,5.332151889801025,11.864898045857748,2.645704971652121
4270,853,4,-1.238038420677185,3.027310530344645,11.91810131072998,2.342953180055367
4273,854,2,-0.43022309243679047,3.1560080846150718,11.630943298339844,1.7017664419640817
4276,855,0,-1.3893625338872273,-1.9170593619346619,11.932463963826498,2.600157992069521
4279,855,3,-1.1054088274637859,-1.6731038391590118,11.569095611572266,3.8661718346439558
4282,856,1,-1.585133671760559,6.894647439320882,11.167213439941406,3.0287963938288804
4285,856,4,-1.315472682317098,6.423663695653279,11.503424644470215,3.7508846027727856
4288,857,2,-0.8324631055196127,-1.4407377640406291,11.998177846272787,1.7214623966951679
4291,858,0,-0.18425081173578897,-1.9988193114598591,11.967052459716797,4.080518438375338
4294,858,3,-0.7936373800039291,-0.9688062270482382,11.810724576314291,4.225532870350165
4297,859,1,-0.6065561175346375,0.4773487647374471,11.3808224995931,4.995501001579388
4300,859,4,0.17298118273417154,8.659796158472696,11.127942085266113,2.8424219918017415
4303,860,2,-1.3993173837661743,-1.1190720796585083,11.925889333089193,2.4128924054908936
4306,861,0,-1.1329350471496582,-1.551571120818456,11.7239408493042,2.6683347053295265
4309,861,3,-0.5987744132677714,3.5062690575917563,11.605055809020996,4.500976827273009
4312,862,1,-1.7996977965037029,7.971767107645671,11.18327776590983,2.95825325002739
4315,862,4,-0.602108101050059,6.0200018882751465,11.80004596710205,1.9265037981162292
4318,863,2,-0.49021703004837036,3.2192221681276956,11.744415601094564,1.4979082183396049
4321,864,0,-0.350027859210968,-1.7960155804951985,12.121292432149252,1.5386573763062499
4324,864,3,-1.195105105638504,-3.1828920046488443,12.03678035736084,3.5448453021434587
4327,865,1,-0.6267923514048258,-1.8394456778963406,11.440186500549316,5.983213064485391
4330,865,4,-0.5409356852372488,3.798896392186483,10.991499582926432,2.1467840216706384
4333,866,2,-2.4462451934814453,5.5279472668965655,11.890794436136881,4.316072354305573
4336,867,0,-1.0100003778934479,2.9273685216903687,12.182660102844238,1.5884311579675454
4339,867,3,-1.591009259223938,2.9911829630533853,11.828011512756348,1.3832083474140067
4342,868,1,-0.23813734451929727,1.7390829771757126,12.15026569366455,1.4916813257502997
4345,868,4,-1.629443645477295,-6.390574137369792,11.968114535013834,1.3808716388848665
4348,869,2,0.36052433649698895,-1.6566211382548015,11.034112612406412,2.67464463462043
4351,870,0,-1.0787868003050487,9.824528376261393,10.47762934366862,1.7546163846734009
4354,870,3,-0.9069318771362305,3.757368485132853,11.621207555135092,3.6851691654753793
4357,871,1,-0.9519195109605789,3.600560188293457,11.597429593404135,4.639497069223913
4360,871,4,-0.5846303353706995,1.7140051126480103,11.977003733317057,5.388255297161066
4363,872,2,-1.2214129169782002,1.9483890533447266,11.955183664957682,5.525268040099355
4366,873,0,-0.5107359290122986,1.3562301596005757,12.165323257446289,4.7904141229940995
4369,873,3,-1.4255426526069641,-2.1294511357943215,11.381889343261719,3.404677634001129
4372,874,1,-0.7176399032274882,2.894999146461487,12.208839416503906,2.9607294908063353
4375,874,4,-0.8996851841608683,5.228558699289958,12.08653736114502,4.536535849188271
4378,875,2,-0.3026638428370158,3.536971092224121,12.29016367594401,6.692119360454477
4381,876,0,-0.49413277705510456,-0.7667319774627686,11.741347948710123,3.9793517421162234
4384,876,3,0.9580841064453125,-4.9673216342926025,11.595319430033365,3.163513675015262
4387,877,1,-1.386134107907613,2.5853085120519004,10.58781878153483,2.190106151275343
4390,877,4,-0.14356398085753122,1.0893958806991577,11.626644134521484,3.48119594704905
4393,878,2,-0.31753702958424884,6.6369069417317705,11.79929256439209,2.4474133720977123
4396,879,0,0.18228209018707275,-0.5828873713811239,12.509268760681152,5.333911709369542
4399,879,3,-1.1100889841715496,-1.2423715392748516,11.810840924580893,3.6766439799488793
4402,880,1,-0.8823248247305552,-0.6440386374791464,11.6238800684611,2.8305970895813353
4405,880,4,-0.5201298544804255,3.4660062392552695,10.442556381225586,4.348398692779478
4408,881,2,-2.1149807572364807,4.0696743329366045,11.1407101949056,5.090752410115409
4411,882,0,-0.10431335369745891,2.8870979150136313,11.35441811879476,3.760070746207301
4414,882,3,0.06298506259918213,-2.7002913554509482,11.545377095540365,2.793870849230945
4417,883,1,-0.2799004316329956,5.415353139241536,11.308016459147135,2.147825235762893
4420,883,4,-0.9542487363020579,5.228955109914144,11.670917510986328,1.3958827125326376
4423,884,2,-0.699452355504036,3.9714184602101645,11.84635861714681,2.19747042111408
4426,885,0,-0.8633492191632589,-0.8941190838813782,11.403252919514975,1.9423049691066794
4429,885,3,-0.21918471654256186,1.1952202320098877,11.821567217508951,1.8510064400892523
4432,886,1,-1.1213779052098591,6.653051853179932,11.244174321492514,1.8678589691566623
4435,886,4,-0.35539493958155316,3.910882075627645,12.241727193196615,2.3391989077088207
4438,887,2,-0.5592474043369293,-1.5080116192499797,12.445383071899414,1.865223617020634
4441,888,0,-2.1232258478800454,-3.701696197191874,12.584243774414062,1.6435228898715952
4444,888,3,-1.4135758876800537,-5.883360068003337,11.554991404215494,1.3397143234507165
4447,889,1,-0.6278289556503296,3.5771304021279016,10.8517214457194,2.592591269580561
4450,889,4,-1.809448003768921,8.131839752197266,10.675743420918783,2.3880524425259124
4453,890,2,-2.260331074396769,7.602307160695394,11.503277460734049,1.6941441995987445
4456,891,0,-0.9943517446517944,2.771132469177246,11.922174135843912,1.6743618880793736
4459,891,3,-1.4696951309839885,-1.7990329265594482,11.95498021443685,1.6260182572325528
4462,892,1,-0.8730118076006571,-0.22888660430908203,11.832658767700195,2.017928326112329
4465,892,4,-0.11030714958906174,2.2491177717844644,11.413662274678549,1.8579358940533572
4468,893,2,-0.33318808674812317,0.8566625614960989,11.327118237813314,2.5021892996498054
4471,894,0,-1.321186641852061,-5.609030087788899,11.451823870340982,2.1665443834185774
4474,894,3,0.28349681695302326,3.2996299068133035,11.007952690124512,3.562433449685701
4477,895,1,-0.4110717177391052,5.0832555294036865,11.51636823018392,3.64244513389181
4480,895,4,-1.1342302958170574,2.158393065134684,11.608502070109049,4.387824937146065
4483,896,2,-1.2058921058972676,3.8759853839874268,11.767549832661947,1.7579079955350905
4486,897,0,-0.07883527874946594,2.400238792101542,11.676884969075521,1.8168344869906488
4489,897,3,-1.7942653099695842,-0.16868754227956137,11.850693384806315,2.2511893752034626
4492,898,1,-1.01942640542984,-3.9630114237467446,11.879348436991373,2.124664914431252
4495,898,4,0.3551865915457408,0.7646011114120483,11.952081998189291,3.58658481040775
4498,899,2,-1.0763566295305889,7.362844626108806,11.141799926757812,4.347057242405312
4501,900,0,-1.7309190432230632,5.446855703989665,11.835197766621908,2.300558311611413
4504,900,3,0.013644024729728699,1.1416605512301128,12.045427322387695,2.0525541215971335
4507,901,1,-1.630741834640503,-2.0112171322107315,11.331360816955566,1.7529810209967411
4510,901,4,-1.3371518850326538,4.507909556229909,11.265392303466797,1.7398367972457447
4513,902,2,0.7052104075749716,7.016411383946736,11.57149887084961,1.6480884101054862
4516,903,0,-0.6115096012751261,-0.49262362718582153,11.764053662618002,1.9942595510926588
4519,903,3,-0.8831584801276525,-0.3704962233702342,12.068514823913574,1.8592219295626589
4522,904,1,-0.9224433799584707,-0.042428175608317055,11.820738156636557,1.8412298483532412
4525,904,4,-0.292945921421051,0.604600357512633,11.34183120727539,3.0890092531905817
4528,905,2,-1.4971780975659688,1.865376631418864,10.778142293294271,2.3781347838421456
4531,906,0,-1.1235494216283162,3.2433887720108032,11.049862543741861,4.17175684109765
4534,906,3,-0.7207012648383776,4.330414374669393,11.76625919342041,3.9281441859771937
4537,907,1,-0.8407754898071289,5.163500984509786,12.041375478108725,3.1015919969484504
4540,907,4,-0.6017437179883321,-3.088404814402262,11.55872631072998,1.332639689448986
4543,908,2,-0.950320323308309,-1.0735652446746826,11.693957010904947,1.4518476236745725
4546,909,0,-1.2457292874654133,5.334537347157796,11.486320495605469,1.3804226743596109
4549,909,3,-1.4827872514724731,8.047118504842123,11.569692611694336,4.420764245964744
4552,910,1,-0.5415353278319041,3.4099265336990356,11.88352108001709,2.0893688487890327
4555,910,4,-1.227179725964864,-2.381370941797892,12.06943416595459,2.247719129208594
4558,911,2,-0.516534169514974,-3.8136794567108154,12.502909978230795,3.529703275663412
4561,912,0,-0.773204522828261,-3.0978610118230185,12.060918807983398,3.3168990880119473
4564,912,3,-0.9472747693459193,3.201263427734375,11.37375005086263,3.0984988845703767
4567,913,1,-1.5405384103457134,4.372668027877808,11.635758717854818,2.6281448554507576
4570,913,4,-1.83542400598526,5.329830487569173,11.781437873840332,2.7335966216514085
4573,914,2,-0.262763445576032,0.6259907359878222,12.109973907470703,2.59891774284786
4576,915,0,-1.9997990131378174,1.0841855506102245,12.311573028564453,3.8136288889590166
4579,915,3,-0.6797824303309122,1.858338475227356,12.099506696065268,2.5104011968440667
4582,916,1,-0.9429595818122228,-4.446930646896362,11.183814684549967,1.857917232395237
4585,916,4,-0.4731646776199341,4.655760298172633,11.549908955891928,4.246661301950009
4588,917,2,-1.028657853603363,7.028268098831177,11.305521965026855,3.359405006741522
4591,918,0,-0.5614250153303146,1.7644098997116089,12.49683952331543,1.4578804792778968
4594,918,3,-1.2569635113080342,4.810184478759766,12.024177551269531,1.5220744584272474
4597,919,1,-1.7477300961812336,0.3205114006996155,12.356144269307455,1.616681229314806
4600,919,4,-1.90367857615153,-5.439802328745524,11.524239857991537,1.9976011400816895
4603,920,2,0.36011609931786853,0.7208372751871744,11.068122227986654,2.1049405426269154
4606,921,0,-1.088648368914922,6.370158354441325,10.602421124776205,2.5490450611548616
4609,921,3,-1.9909528295199077,5.647048791249593,11.514398892720541,2.5759797933731674
4612,922,1,-0.4442567626635234,1.0759213368097942,11.762890815734863,5.864872449886955
4615,922,4,-1.1517843802769978,2.5102729002634683,12.24885336558024,4.093369727936686
4618,923,2,-1.1914658347765605,-0.21781516075134277,12.469463030497232,4.575860706254876
4621,924,0,-1.2634885509808857,-2.1908488273620605,12.395369211832682,2.812506489965203
4624,924,3,-0.7682689825693766,-3.8504579067230225,11.874118169148764,2.4779969108619966
4627,925,1,-0.7448992729187012,-0.9671610196431478,11.278111457824707,3.8349245840908885
4630,925,4,-1.923259695370992,10.41919994354248,11.122440020243326,2.865292250193653
4633,926,2,-0.03285991648832957,3.1987518072128296,11.591323216756185,3.5378768553594178
4636,927,0,-0.6527502834796906,1.351994792620341,11.694391250610352,4.4690582951133
4639,927,3,-1.69487460454305,4.2899792194366455,12.109293301900228,4.973640087757118
4642,928,1,-0.8642403284708658,5.275805632273356,11.49902375539144,1.691934636941235
4645,928,4,-0.6288299163182577,1.7664156754811604,11.91671371459961,1.4975631932800935
4648,929,2,-1.190101941426595,-1.7407420873641968,11.552359898885092,1.778340827888513
4651,930,0,-0.5404520630836487,-2.1964137156804404,11.827560106913248,7.392432896135747
4654,930,3,-0.7134263416131338,-0.6837408045927683,11.284118016560873,3.679779392203971
4657,931,1,-1.4288617769877117,3.701148430506388,11.293948491414389,3.2605730631437457
4660,931,4,-1.0960986614227295,6.756853262583415,11.191556612650553,2.9948198999586046
4663,932,2,-0.7959234118461609,3.9722583293914795,12.015051205952963,3.652032681927428
4666,933,0,-0.5235452254613241,-0.31872489551703137,12.433035214742025,2.080605943696186
4669,933,3,-0.7665205051501592,-1.4769035577774048,12.074556986490885,6.139361077910593
4672,934,1,-0.5913132081429163,1.5765012800693512,11.062679608662924,4.866862583331069
4675,934,4,-1.4924888213475545,4.147463242212932,10.762675921122232,3.517016089080846
4678,935,2,-1.3920626640319824,3.9653240044911704,11.865601539611816,2.727292552165372
4681,936,0,-0.15693954626719156,-0.6877175172170004,12.06567668914795,2.2219669555215713
4684,936,3,-1.1017202734947205,-4.285361051559448,11.796299934387207,4.913491593702003
4687,937,1,-0.4529368281364441,-1.248730977376302,11.068678220113119,4.713087912926507
4690,937,4,-1.7186030944188435,7.889846324920654,10.83919874827067,4.373833583348348
4693,938,2,-2.540564219156901,8.849647998809814,11.319299379984537,1.6062753856380236
4696,939,0,-0.4641820192337036,1.5562943865855534,11.854344050089518,2.0460818463861816
4699,939,3,-1.1020491272211075,-1.8183008829752605,11.895848910013834,1.9793133637779523
4702,940,1,-2.638201634089152,-7.024099032084147,11.59180990854899,2.005634938947315
4705,940,4,0.15188133964935938,3.284395138422648,11.287078857421875,3.359776921056382
4708,941,2,-2.7432682514190674,11.074063618977865,10.7883669535319,1.7466141345705004
4711,942,0,-0.11332234740257263,4.8030920426050825,11.930934270222982,1.4529158272335543
4714,942,3,-0.2550130287806193,-0.7140178481737772,11.814925829569498,1.9236548688322628
4717,943,1,-0.9869252641995748,-3.4958385229110718,12.134590784708658,5.7572359447844415
4720,943,4,-0.24743042389551798,-0.35767459869384766,12.283747037251791,3.5312708456616733
4723,944,2,-1.3672809998194377,1.0511314968268077,12.095511118570963,4.310332915266355
4726,945,0,-0.4458376616239548,-1.7503324349721272,10.775784810384115,2.7732573087026213
4729,945,3,-1.4336035947004955,4.997669438521068,10.802114804585775,3.9540637643062255
4732,946,1,-1.3167571226755779,7.867022673288981,11.017711639404297,2.415673799892893
4735,946,4,-0.06834811717271805,-1.635365754365921,11.431655565897623,1.9753239104850957
4738,947,2,-0.38501784205436707,-0.8964814941088358,12.098999659220377,2.3771215516757045
4741,948,0,-0.6193813979625702,4.004051844278972,11.224967956542969,1.5745843198906673
4744,948,3,-0.13636449972788492,2.068106452624003,11.3610626856486,1.9273484621611183
4747,949,1,-0.9153030812740326,3.6026552518208823,11.566779454549154,1.8397966966446033
4750,949,4,-1.0712028642495472,0.5116626024246216,11.14919916788737,2.3951140235286643
4753,950,2,-0.4194032897551854,0.7165529976288477,11.790658950805664,1.573664795771121
4756,951,0,-0.6475703517595927,1.9195813635985057,11.914669672648111,1.709430480752518
4759,951,3,-0.8577019323905309,1.888073702653249,11.866674423217773,1.6847742766633178
4762,952,1,-0.9699594775835673,-1.7177590529123943,11.121027310689291,2.380555233628597
4765,952,4,-1.1316506663958232,2.3440013974905014,11.126946767171225,1.7012082490739744
4768,953,2,-1.8686775763829548,8.123163541158041,11.424487749735514,1.8877038624487614
4771,954,0,-0.8347899913787842,3.48280660311381,12.049619674682617,3.776336742372019
4774,954,3,-1.3737271626790364,3.172753095626831,12.169795989990234,3.460608210144944
4777,955,1,-0.6365273296833038,0.8034995595614115,12.097808837890625,4.858689338493264
4780,955,4,-0.8999865651130676,-1.044518639643987,11.959132512410482,3.0293171350348285
4783,956,2,-1.756407618522644,-0.8634866178035736,11.701282183329264,2.2482208291375114
4786,957,0,-0.2852049668629964,1.2214324871699016,12.04156494140625,3.4040942496130415
4789,957,3,-1.4055749624967575,2.2177140712738037,11.79830519358317,2.5270888393346236
4792,958,1,-0.6998492280642191,-2.9186652501424155,11.922396977742514,3.7481021909689165
4795,958,4,-0.7099849780400594,-2.5756572484970093,11.553506851196289,2.7628220631645597
4798,959,2,-2.3115875720977783,8.296716372172037,11.023513158162435,3.111864988623196
4801,960,0,-0.8773343165715536,4.8748345375061035,11.87791665395101,2.6076487085673925
4804,960,3,-0.7843409975369772,-3.9625279903411865,12.196798006693522,2.055829571782463
4807,961,1,-0.7431978782018026,-2.545789768298467,11.679917335510254,2.565112968045993
4810,961,4,-0.5957727432250977,2.8870397408803306,12.231441179911295,5.029082396366918
4813,962,2,-2.00460414091746,8.036910057067871,10.932302792867025,2.2397628053573824
4816,963,0,-2.456394990285238,5.523995081583659,11.669485727945963,1.599930523345303
4819,963,3,-1.0353708912928898,4.662810643513997,11.93957265218099,1.8209053566844264
4822,964,1,-1.4639139374097188,0.670583168665568,12.387029012044271,1.7322590244852958
4825,964,4,-0.28120837608973187,-3.3775492509206138,12.45518684387207,3.4120825328201687
4828,965,2,-0.8848024805386862,-2.4528315464655557,11.65599505106608,4.133880034458635
4831,966,0,0.023261606693267822,2.4068541725476584,11.217732747395834,5.075318150127633
4834,966,3,-1.0309276779492695,4.613097031911214,11.33232847849528,2.041815222252451
4837,967,1,-0.9353711207707723,-0.8367172479629517,11.934858640034994,2.6210460940481086
4840,967,4,-0.5220750123262405,-1.972790797551473,12.032759030659994,3.134093559141784
4843,968,2,-1.188500960667928,0.06455024083455403,12.438716888427734,6.895415813356521
4846,969,0,-0.5083013375600179,1.6191310783227284,11.362967491149902,5.811707304983219
4849,969,3,-0.9046158790588379,5.852625608444214,11.477025985717773,1.7175277503848327
4852,970,1,-1.2071314056714375,3.433887481689453,12.364269256591797,2.1120938574417263
4855,970,4,-0.7575207650661469,4.582535187403361,12.517024993896484,1.7275865173184446
4858,971,2,-0.6489034990469614,3.065798165431867,12.60131549835205,2.9330266746348124
4861,972,0,-0.5724849700927734,-2.695642073949178,12.086968739827475,2.352177789442543
4864,972,3,-1.7691091299057007,-5.414001544316609,11.318978627522787,2.0647964787571946
4867,973,1,-0.12291924158732097,2.0498185952504477,11.069587071736654,2.363258006086156
4870,973,4,-1.8328465223312378,5.346551577250163,11.274051984151205,1.626631862724162
4873,974,2,-1.3774107495943706,3.6830785274505615,11.611381848653158,1.7953337297657714
4876,975,0,-0.7821495532989502,4.154544432957967,11.948697725931803,2.367969662721277
4879,975,3,-0.6135851244131724,-2.560940762360891,11.693758328755697,2.506338952620749
4882,976,1,-1.9599207838376362,-5.012863715489705,11.944512685139975,1.625299294066273
4885,976,4,-0.5310704509417216,-5.261068185170491,11.197473208109537,1.558140707590682
4888,977,2,-1.5358835458755493,0.5302943040927252,11.071786880493164,4.628606830015396
4891,978,0,-1.9646484851837158,6.584403872489929,11.283712069193522,2.648643576836433
4894,978,3,-1.477435827255249,7.031678199768066,11.486655235290527,3.210153501419748
4897,979,1,-0.9027475317319235,4.402621825536092,11.932920455932617,1.7480591052038699
4900,979,4,-1.1327169810732205,4.598351081212361,11.97046947479248,2.969457531479467
4903,980,2,-1.3296369314193726,1.9073848177989323,12.08241335550944,3.2717125523717634
4906,981,0,-1.4423982898394268,-2.742340842882792,11.749523480733236,3.1362207442453447
4909,981,3,-1.5882537961006165,-3.0646082560221353,11.459929784138998,1.9737299694782084
4912,982,1,-1.138820027311643,-2.067878266175588,11.352100372314453,1.6467721130338433
4915,982,4,-1.8744382460912068,5.648707548777263,11.007372538248697,1.881259267791087
4918,983,2,-1.7464180986086528,6.679101943969727,11.059027989705404,2.0948023881050344
4921,984,0,-0.7593935628732046,1.6895792484283447,11.980135917663574,2.0474748580670945
4924,984,3,-1.015960693359375,-0.5984002947807312,12.053435643513998,1.9068913615673388
4927,985,1,-1.2339558800061543,-0.38670416673024494,11.758330663045248,4.15704881028691
4930,985,4,0.4236515760421753,-0.19075721005598703,11.636971155802408,4.527012829711425
4933,986,2,-2.7109450499216714,5.743800640106201,11.484689076741537,4.277843047548895
4936,987,0,-0.7626039187113444,4.034331639607747,11.576088587443033,2.291032010077466
4939,987,3,-0.7035147547721863,-3.1603434085845947,11.660228729248047,4.723171881621678
4942,988,1,-0.2099659045537313,2.0358962683628,11.971338907877604,3.8374668565396473
4945,988,4,-0.7257828017075857,-0.6966507037480673,12.047423680623373,1.8262977677344787
4948,989,2,-1.1013331015904744,-4.403018196423848,11.517443656921387,2.273840351371157
4951,990,0,-0.9116918841997782,3.7504378457864127,10.017087618509928,3.2088328998654396
4954,990,3,-1.6146963735421498,5.243446588516235,11.263531049092611,2.3045472434622827
4957,991,1,-0.6462534467379252,6.274857521057129,11.469603856404623,2.5407133549314107
4960,991,4,-1.4669824838638306,4.673093398412068,12.329918225606283,2.0721534548207967
4963,992,2,-1.8046289285024006,3.6037906805674234,12.285602887471518,2.8201569057767792
4966,993,0,-0.7164373795191447,0.8862896213928858,11.478177706400553,2.314095774102938
4969,993,3,-1.4861954053243,1.4918707485000293,11.557268778483072,2.580419733492422
4972,994,1,-1.0593329866727192,-0.5226636032263438,11.731364885965982,2.5699530794538674
4975,994,4,-1.5435095230738323,1.5884480675061543,11.420787493387857,2.170007161526734
4978,995,2,-1.0580636064211528,3.981090863545736,11.632567405700684,2.09715169453674
4981,996,0,-1.6579023202260335,-0.866816076139609,11.476555506388346,2.3421836085743286
4984,996,3,-1.440594474474589,-6.525387287139893,11.256793340047201,1.547915555849069
4987,997,1,-1.437965989112854,-4.694252411524455,10.98851744333903,2.8601635259566724
4990,997,4,-0.7431389118234316,3.5258305072784424,10.423792203267416,3.2957244643211627
4993,998,2,-0.7712997198104858,5.4563984870910645,11.74151611328125,3.1910988390367288
4996,999,0,-0.8942214647928873,3.3342066407203674,10.941208839416504,7.713182723084947
4999,999,3,-1.321552077929179,2.1442845879743495,12.1409699122111,5.501110991226991
5002,1000,1,0.11370519797007243,4.0567324956258135,12.352367083231607,2.5921186095129136
5005,1000,4,-1.4980396429697673,0.01651612917582194,11.247024218241373,1.9584881565015986
5008,1001,2,-0.9614861408869425,1.7666120727856953,11.408563296000162,1.9794855823422566
5011,1002,0,-1.233688731988271,-4.161639054616292,11.086324691772461,2.3720806526814457
5014,1002,3,-1.3661100069681804,-0.9099668165047964,10.637445767720541,2.0964690343095946
5017,1003,1,-2.067724717160066,9.473005930582682,11.371682167053223,1.6888612467054747
5020,1003,4,-1.0648932456970215,3.913182099660238,11.428778648376465,2.0228835523175146
5023,1004,2,-2.075222452481588,1.8915417989095051,11.765185356140137,2.1676306988343366
5026,1005,0,-1.296937108039856,-0.13591996828715006,11.702486991882324,2.350668937759283
5029,1005,3,-1.583629459142685,-0.3041609625021617,11.995698610941568,1.5736535109442904
5032,1006,1,-0.3466802164912224,0.4286561956008275,11.153341929117838,1.4089458888114057
5035,1006,4,-2.2871039311091104,6.103598753611247,10.906021118164062,1.7424701611707298
5038,1007,2,-1.660768985748291,2.9842233657836914,11.827141443888346,1.744549185307189
5041,1008,0,-0.3394918441772461,1.9295636812845867,11.819064458211264,2.650722906567743
5044,1008,3,-0.7744787136713663,1.6914178170263767,11.856603304545084,2.6153648978326753
5047,1009,1,-1.293088932832082,2.2864457269509635,12.301730473836264,2.332848087861044
5050,1009,4,-0.9123313128948212,1.4719077845414479,11.706932385762533,1.6863144854104748
5053,1010,2,-2.1022253036499023,-3.5870393911997476,11.823674201965332,2.786325473022966
5056,1011,0,-0.3123343040545781,-1.8248708645502727,11.873501459757486,2.0376723424362613
5059,1011,3,-2.1867621739705405,5.744429747263591,11.373984018961588,3.116328364056763
5062,1012,1,-1.2875710825125377,2.8088911374409995,11.62229092915853,3.5048178415144986
5065,1012,4,-0.35626407464345294,0.3855846126874288,11.538670221964518,5.9203163107061485
5068,1013,2,-1.272117257118225,3.3383073806762695,11.4876495997111,5.389568429893106
5071,1014,0,-2.19032351175944,3.184176762898763,11.890730222066244,5.084516653522743
5074,1014,3,-2.0942434072494507,2.163052042325338,11.646294911702475,2.2966826152422777
5077,1015,1,-2.0395915110905967,0.03624324003855387,11.815546035766602,1.3845106105145664
5080,1015,4,-0.8863143424193064,-1.5544440497954686,11.88708209991455,1.3719608110376826
5083,1016,2,-1.3366166949272156,-2.1111600001653037,11.68978214263916,3.536651949305664
5086,1017,0,-0.2500956058502197,4.5878424644470215,11.255457878112793,4.594513183837034
5089,1017,3,-1.4868693053722382,4.683108488718669,12.01345443725586,4.616374594756937
5092,1018,1,-0.598145549496015,1.9950939416885376,11.817807833353678,1.8539450244084783
5095,1018,4,-1.0794051339228947,1.1486524293820064,11.563218434651693,2.0673830662818733
5098,1019,2,-0.19591814279556274,4.750682989756267,11.654327710469564,2.6986635392148464
5101,1020,0,-0.8906266788641611,-1.0134280323982239,12.241902987162272,2.317836371240275
5104,1020,3,-1.1992878913879395,-1.943638801574707,11.496939977010092,2.712326999401661
5107,1021,1,-1.3594539960225422,3.4024176597595215,11.479950904846191,4.042505617541252
5110,1021,4,-1.5125903288523357,7.413711388905843,11.613040606180826,5.846568561582721
5113,1022,2,-0.33695846796035767,-1.3949546019236247,12.092915852864584,2.9173903886820525
5116,1023,0,-0.4773506373167038,-3.2402913570404053,12.234579722086588,5.908081603086327
5119,1023,3,-0.788484106461207,2.6938361326853433,11.72185484568278,6.149502792456496
5122,1024,1,-1.8930179476737976,4.112403233846028,11.2842165629069,5.169954338152796
5125,1024,4,-1.8584176301956177,3.6341214179992676,12.02510674794515,3.245962981019167
5128,1025,2,-1.6129742860794067,3.242487827936808,11.5837615331014,1.9753385180552019
5131,1026,0,-1.3170628348986309,2.9175450007120767,12.374013900756836,1.5850248303019077
5134,1026,3,-1.4522762099901836,-0.5871229469776154,12.082352956136068,1.3771677285987216
5137,1027,1,-2.2620476881663003,-1.909388581911723,12.121726671854654,3.0766696816053507
5140,1027,4,-0.639844020207723,-1.5987719893455505,11.402586619059244,7.1149701689034694
5143,1028,2,-2.5645572741826377,4.4188746611277265,11.322697957356771,5.948167622958891
5146,1029,0,-1.0162711242834728,3.8879569371541343,11.747929573059082,3.9815189019089687
5149,1029,3,-1.1329453190167744,0.5200110127528509,12.284684816996256,2.376064568024113
5152,1030,1,-0.8757231136163076,-4.662346522013347,12.130910873413086,1.5059060691149446
5155,1030,4,-0.8168142189582189,0.4307803710301717,11.119939486185709,2.587571264090801
5158,1031,2,-1.4441300630569458,6.048945585886638,10.876468340555826,4.556788258365424
5161,1032,0,-2.093358794848124,5.626636981964111,11.8142728805542,2.4864295027261623
5164,1032,3,-0.5772641003131866,1.5825025240580242,12.193518002827963,1.5767340710581734
5167,1033,1,-1.6176034609476726,2.6565212408701577,12.265487670898438,2.320339118936167
5170,1033,4,-1.5349589586257935,-1.6688557664553325,11.848389625549316,1.3898455871179178
5173,1034,2,-0.5842528144518534,-2.588872035344442,11.897577285766602,3.75831268656531
5176,1035,0,-2.7481793959935508,7.519075075785319,10.97055721282959,3.867773318674138
5179,1035,3,0.13553017377853394,4.101493755976359,11.954760233561197,4.264843667756403
5182,1036,1,-0.5208762387434641,-0.095308817923069,12.174494107564291,2.7953193317052345
5185,1036,4,-1.32432222366333,1.4754618008931477,11.987395604451498,5.186530185746192
5188,1037,2,-1.3124622106552124,-0.08037380874156952,11.648857752482096,3.5865877332709846
5191,1038,0,-1.5466090838114421,-3.062195618947347,11.888256072998047,3.857981040321127
5194,1038,3,-0.34881292780240375,1.1366802702347438,11.530936241149902,6.072665121509059
5197,1039,1,-1.726728041966756,8.30504322052002,12.044402758280436,5.020986244785728
5200,1039,4,-0.09639859199523926,2.761301656564077,12.163888295491537,1.5689768151846837
5203,1040,2,-0.12852092583974203,-3.574375549952189,12.157064119974772,2.0398242311605137
5206,1041,0,-2.670569101969401,4.578784306844075,12.069499333699545,3.2314973314546105
5209,1041,3,-0.03149871031443278,3.6664005120595298,11.347532908121744,2.041388247795543
5212,1042,1,-1.3968838254610698,-0.009036024411519369,11.667315800984701,2.5728971004387478
5215,1042,4,-1.479273388783137,1.2268241842587788,11.488834063212076,2.2747683356206387
5218,1043,2,-1.309003512064616,4.422298590342204,11.55008633931478,1.7037581107786839
5221,1044,0,-0.4001017014185588,3.5635594924290976,11.787273406982422,1.736029238255034
5224,1044,3,-1.6877491474151611,-2.77440611521403,12.023245175679525,2.0108668216148105
5227,1045,1,-0.4855923056602478,-1.1972369750340779,11.732584635416666,2.111033084351582
5230,1045,4,-1.1849893132845561,6.803447087605794,11.747041384379068,1.6221641944672942
5233,1046,2,-1.567943920691808,1.9628565112749736,11.360390663146973,1.3995649385884894
5236,1047,0,-0.8599180281162262,0.4252418552835782,11.546819686889648,2.0018239497768975
5239,1047,3,-1.4198300043741863,4.967498779296875,11.824070612589518,5.526120083282713
5242,1048,1,-0.6177679896354675,2.0751872261365256,12.053672472635904,1.6778130087867336
5245,1048,4,-1.582674612601598,-1.3721426328023274,11.998688379923502,1.4161774402879717
5248,1049,2,-2.68339737256368,2.3006535371144614,11.686680475870768,3.0767001533942895
5251,1050,0,-1.1658390760421753,2.305844028790792,11.890117963155111,3.100970389293932
5254,1050,3,-1.5457422534624736,4.558088779449463,11.84417470296224,4.391290425704561
5257,1051,1,-0.7509041925271353,0.6346746335426966,12.548103968302408,4.903111153943967
5260,1051,4,-1.6210448344548543,-4.96391232808431,11.774776458740234,3.9409488026221156
5263,1052,2,-1.652209997177124,-5.2571914990743,11.654091199239096,2.7909189244372286
5266,1053,0,-1.108713169892629,6.027421712875366,10.517391522725424,1.9533018326841882
5269,1053,3,-1.8231621980667114,7.324228445688884,10.528213500976562,2.067905598598772
5272,1054,1,-1.555593450864156,6.084115664164226,11.693195343017578,1.5056873193305937
5275,1054,4,-1.4302663952112198,4.513964414596558,12.448153495788574,1.5285827911805363
5278,1055,2,-1.1581597924232483,-0.29977057377497357,12.162919680277506,2.020654830892249
5281,1056,0,-1.641235589981079,-1.991300145785014,12.291777928670248,1.5550205472612173
5284,1056,3,-2.1909470160802207,-2.021361231803894,11.288401285807291,1.2640205628057737
5287,1057,1,-1.9305261770884197,2.812665502230326,11.338650703430176,5.92086545564608
5290,1057,4,0.014464577039082846,4.403510173161824,12.164248784383139,8.470836266512267
5293,1058,2,-1.0913934508959453,0.32406140367190045,11.804145177205404,3.262269438169856
5296,1059,0,-1.3263887166976929,-0.16235795617103577,12.433139483133951,2.332178652187349
5299,1059,3,-1.450262467066447,1.423972229162852,12.04485829671224,1.6127170160905946
5302,1060,1,-1.0633161241809528,3.5776493549346924,11.696339925130209,1.4102513933158505
5305,1060,4,-1.5696261326471965,4.918199380238851,11.519662221272787,1.9624139970251167
5308,1061,2,-1.5359239776929219,0.2305519183476766,12.181857109069824,1.6982484511842078
5311,1062,0,-1.8362830479939778,-2.030891219774882,12.170924504597982,1.799869880320525
5314,1062,3,-2.0350948174794516,-4.412732203801473,11.814171155293783,2.4560889794342002
5317,1063,1,-1.0433464447657268,-0.594806025425593,11.180915832519531,2.9041562284013462
5320,1063,4,-2.0157648722330728,5.79718001683553,11.035200436909994,4.12148923571707
5323,1064,2,-1.6879170338312786,2.67556095123291,12.335657119750977,3.5726482233172177
5326,1065,0,-1.4314173460006714,0.317950206498305,12.133036295572916,4.139016977508525
5329,1065,3,-0.7454762856165568,1.2532918651898701,12.124525705973307,4.083859755768644
5332,1066,1,-1.8176794052124023,3.084273338317871,12.016221682230631,2.309019804654584
5335,1066,4,-0.4200620154539744,-0.8459416627883911,12.117597897847494,2.188251217924623
5338,1067,2,-0.03232113520304362,-3.6905096570650735,11.40041446685791,3.2589860951028538
5341,1068,0,-2.172013521194458,10.72820520401001,11.208608627319336,3.2054054252275175
5344,1068,3,-0.2558401624361674,2.459058185418447,11.818134307861328,1.866259130352631
5347,1069,1,-0.808585524559021,-1.220614269375801,11.544795989990234,1.7006546058848542
5350,1069,4,-2.097548246383667,2.3286428848902383,11.80694325764974,1.7163697218983354
5353,1070,2,-1.5712306102116902,1.839097023010254,11.877146402994791,2.325165282806887
5356,1071,0,-2.609505037466685,2.856185714403788,11.516361872355143,2.433872198360955
5359,1071,3,-1.6460408767064412,1.7489930391311646,11.388120969136557,3.240560140944133
5362,1072,1,-2.255600074927012,-1.879743258158366,11.70272127787272,3.4120861024546065
5365,1072,4,-0.7738515734672546,1.4375065167744954,12.302164077758789,1.965580970854182
5368,1073,2,-1.6892176071802776,1.6036592523256938,11.672382672627768,2.1626921479770083
5371,1074,0,-0.7431001861890157,5.747092247009277,11.254499753316244,2.5033252719460015
5374,1074,3,-2.05776846408844,4.068968454996745,11.745287577311197,2.887803589512687
5377,1075,1,-0.6122242559989294,-0.8313295791546503,11.871668815612793,1.6819773740810877
5380,1075,4,-1.3445749680201213,-0.33235588918129605,12.516022682189941,2.1622361774385968
5383,1076,2,-1.082244336605072,4.138978640238444,12.245616594950357,2.26256977322499
5386,1077,0,-2.0273489157358804,0.7106635111073653,11.892804145812988,1.2233620953449955
5389,1077,3,-1.6323803067207336,2.5253756443659463,11.777290026346842,1.9407184983505783
5392,1078,1,-0.9631367027759552,1.4955273071924846,12.128388086954752,2.6537936224990326
5395,1078,4,-1.5053588151931763,0.03398329019546509,11.852874120076498,1.5905310583459737
5398,1079,2,-0.8961561918258667,3.055778741836548,12.107831954956055,3.5561340238081627
5401,1080,0,-1.8082297245661418,1.2854274734854698,12.336121877034506,1.8462251680498294
5404,1080,3,-1.428762932618459,-0.41577279567718506,11.403278986612955,1.9821877051620582
5407,1081,1,-2.5127787590026855,0.5027143359184265,12.071964899698893,2.630889985138403
5410,1081,4,-1.489929477373759,4.024293661117554,11.442434946695963,3.500045108063785
5413,1082,2,-0.7737062523762385,5.452012538909912,11.933763186136881,3.053616417059428
5416,1083,0,-1.2522421578566234,1.0512043436368306,12.333499908447266,2.6491418996525895
5419,1083,3,-1.809771458307902,1.5123888850212097,12.260980288187662,1.9858691476590302
5422,1084,1,-3.019374132156372,3.522069732348124,12.015918095906576,1.5547372368770773
5425,1084,4,-1.0847370624542236,-1.4567539195219676,12.425516446431478,1.329701724638935
5428,1085,2,-2.360095421473185,-2.399683117866516,11.937265078226725,2.754251920893312
5431,1086,0,-1.9293533166249592,1.3157015840212505,12.080048243204752,4.651489050317092
5434,1086,3,-1.2781010071436565,3.280511458714803,11.745874722798666,3.245372714089843
5437,1087,1,-2.1844062010447183,-2.6340651512145996,11.681509335835775,4.666644359618801
5440,1087,4,-0.5167252421379089,5.3252518971761065,12.241505940755209,3.821322674462811
5443,1088,2,-0.7691687345504761,2.7990317940711975,12.180713335673014,3.0000718115146103
5446,1089,0,-1.6115713318188984,2.8146443367004395,12.043049494425455,1.9295989112040415
5449,1089,3,-1.3825685381889343,6.335762023925781,11.78788979848226,1.9165394912605078
5452,1090,1,-1.3527483182648818,-3.9217970967292786,12.546466827392578,1.9008548482818812
5455,1090,4,-0.8558855056762695,-4.779193878173828,12.052590052286783,2.0726317057826162
5458,1091,2,-1.8699211676915486,0.5317240109046301,11.22363567352295,2.8231853935860003
5461,1092,0,-2.378265937169393,7.924368699391683,11.10998503367106,2.566719537181015
5464,1092,3,-0.00027102231979370117,0.6930250326792399,12.475544293721518,3.252626806266392
5467,1093,1,-0.9767917990684509,3.6785313288370767,12.432254791259766,5.65053509710165
5470,1093,4,-0.7142193615436554,3.085108200709025,11.966128667195639,2.4373577458600093
5473,1094,2,-1.6988473733266194,2.0968897938728333,11.468171755472818,3.2116782580361534
5476,1095,0,-1.9837617079416912,-0.5769261047244072,11.608847935994467,2.0382309898876834
5479,1095,3,-1.008698542912801,-0.8534017478426298,11.953720092773438,2.760388899115401
5482,1096,1,-2.858107646306356,3.2028384804725647,11.625783920288086,3.7171636947885354
5485,1096,4,-1.3955281178156536,0.22763957331577936,11.744309743245443,1.6095265956041436
5488,1097,2,-0.47391459345817566,3.7705801328023276,11.720150311787924,1.9796541395912897
5491,1098,0,-1.2397752304871876,2.2211355368296304,11.757343610127768,1.6490890367847484
5494,1098,3,-1.6204447348912556,2.239888072013855,11.41982618967692,2.299827621995327
5497,1099,1,-1.1789987881978352,2.3926685452461243,11.797781626383463,2.764004894238813
5500,1099,4,-1.2881520986557007,4.521816412607829,11.817801157633463,1.609751423071742
5503,1100,2,-1.2742196520169575,1.9830844799677532,12.114348729451498,1.6082208238177111
5506,1101,0,-2.0413421591122947,-5.269815842310588,11.135882059733072,1.6760475472090006
5509,1101,3,-2.2909465432167053,3.0424667994181314,10.770145734151205,1.630215022704343
5512,1102,1,-2.0516985853513083,8.860374768575033,11.741482734680176,4.072175385770432
5515,1102,4,-0.6876948873202006,2.999730130036672,11.93905766805013,3.7308675069517547
