step,epoch,batch_idx,D_loss,G_loss,T_loss,Wasserstein_dist
1,0,0,9.532073020935059,0.015705449506640434,3.3544793128967285,1.7949278578608556
2,1,0,9.38906192779541,0.04459880292415619,3.1830408573150635,1.7958615646769178
3,2,0,9.178226470947266,0.08680284023284912,3.00042724609375,1.7958615646769112
4,3,0,8.983181953430176,0.19273518025875092,2.8043434619903564,1.7958615646768952
5,4,0,8.652456283569336,0.37661051750183105,2.644670009613037,1.7958615646768958
6,5,0,8.22481918334961,0.6619138717651367,2.4975028038024902,1.7958615646768952
7,6,0,7.429415225982666,1.0655461549758911,2.408285140991211,1.7958615646768956
8,7,0,6.201857566833496,1.575863242149353,2.3679816722869873,1.7958615646768994
9,8,0,5.094454765319824,2.1938223838806152,2.3519716262817383,1.7958615646768994
10,9,0,3.179037570953369,2.796726942062378,2.377044200897217,1.7958615646768958
11,10,0,0.7117829322814941,3.5134899616241455,2.4391028881073,1.7958615646769027
12,11,0,-0.9390460252761841,4.501935958862305,2.5289578437805176,1.7958615646768952
13,12,0,-2.695333480834961,5.1962995529174805,2.651848554611206,1.7958615646768983
14,13,0,-2.883742332458496,5.238151550292969,2.807812213897705,1.7440770091934452
15,14,0,-2.908782958984375,4.834193706512451,2.9756221771240234,1.504697042507031
16,15,0,-3.6051502227783203,4.187899112701416,3.14156436920166,1.3763444620612069
17,16,0,-4.429287910461426,3.954381227493286,3.28171443939209,1.3013739646514388
18,17,0,-5.39276647567749,3.960153818130493,3.39957594871521,1.2353267796880205
19,18,0,-6.423308849334717,4.164723873138428,3.4915077686309814,1.1569462250882363
20,19,0,-7.868297100067139,4.655932903289795,3.5823967456817627,0.953228582648833
21,20,0,-9.496465682983398,5.332688808441162,3.6701035499572754,0.9701767888485294
22,21,0,-10.848538398742676,5.4925055503845215,3.7400107383728027,1.1322231811658467
23,22,0,-11.615110397338867,4.198864459991455,3.7640023231506348,1.16524240381355
24,23,0,-12.085597038269043,1.808034896850586,3.7176735401153564,1.3574418719064274
25,24,0,-11.920825958251953,-0.4388255178928375,3.591874361038208,1.539983728111095
26,25,0,-11.593486785888672,-1.7566075325012207,3.43520188331604,1.78677065558599
27,26,0,-11.694066047668457,-1.0927809476852417,3.2878615856170654,1.7958615646769103
28,27,0,-12.667208671569824,1.478613257408142,3.176239013671875,1.795861564676903
29,28,0,-14.997187614440918,5.247298717498779,3.127582550048828,1.7941695172995746
30,29,0,-15.515334129333496,8.68592357635498,3.1599771976470947,1.7940694499815635
31,30,0,-14.66826057434082,10.108899116516113,3.2737340927124023,1.7854686985839916
32,31,0,-14.569792747497559,9.06957721710205,3.4368646144866943,1.7761392829606277
33,32,0,-14.376053810119629,5.975371837615967,3.596964120864868,1.7140685254370542
34,33,0,-14.186752319335938,3.105600357055664,3.7166616916656494,1.5722505625751964
35,34,0,-12.838935852050781,1.1189079284667969,3.788243532180786,1.592466678256697
36,35,0,-13.283205032348633,-0.3800795078277588,3.8060920238494873,1.6618789895178463
37,36,0,-14.318742752075195,-0.4023493528366089,3.788386821746826,1.615700376126444
38,37,0,-14.479148864746094,-0.33892154693603516,3.761857032775879,1.6193687910760153
39,38,0,-14.701971054077148,1.3102798461914062,3.7487707138061523,1.6400210804606876
40,39,0,-15.221938133239746,1.8607648611068726,3.759828567504883,1.6437657720702668
41,40,0,-14.725215911865234,1.0772191286087036,3.7843496799468994,1.614503053531104
42,41,0,-15.425204277038574,1.382236361503601,3.8097290992736816,1.5252173907231903
43,42,0,-12.46699333190918,1.2063345909118652,3.83425235748291,1.5618913049354546
44,43,0,-14.420904159545898,-0.04995347186923027,3.8430328369140625,1.5443445503874358
45,44,0,-13.73025894165039,-1.6649173498153687,3.825617790222168,1.5842576867673799
46,45,0,-13.918086051940918,-1.8368111848831177,3.785806655883789,1.6507057004458208
47,46,0,-14.168755531311035,-0.565746545791626,3.7317893505096436,1.6445585793572952
48,47,0,-14.386884689331055,-0.5181320309638977,3.691132068634033,1.6179490837254489
49,48,0,-14.445743560791016,0.5777571201324463,3.676816463470459,1.57339605446265
50,49,0,-13.988308906555176,0.6124311685562134,3.6809635162353516,1.543400651150123
51,50,0,-13.051065444946289,-0.9856604933738708,3.704561948776245,1.5366542556153784
52,51,0,-14.161951065063477,-1.0733765363693237,3.7235543727874756,1.4943215306051236
53,52,0,-14.256696701049805,-0.780433177947998,3.722179412841797,1.4999710498458985
54,53,0,-12.952251434326172,-0.9782798290252686,3.714019775390625,1.415119429431572
55,54,0,-13.273731231689453,-0.6355295777320862,3.7106873989105225,1.3967167231873472
56,55,0,-12.569244384765625,-0.03216305747628212,3.706324815750122,1.3568000873120436
57,56,0,-14.343966484069824,1.2927643060684204,3.72293758392334,1.3520686765945118
58,57,0,-12.971541404724121,1.1906538009643555,3.7579901218414307,1.4001002446942554
59,58,0,-13.303552627563477,-1.1303373575210571,3.77559494972229,1.3640576332255783
60,59,0,-13.163961410522461,0.43885478377342224,3.772878885269165,1.390179191353737
61,60,0,-14.101774215698242,-0.5749244093894958,3.747680187225342,1.2811870733925954
62,61,0,-12.305835723876953,0.3857560455799103,3.7309718132019043,1.3638663202309518
63,62,0,-12.284239768981934,-0.7673378586769104,3.72929310798645,1.3477330839507384
64,63,0,-11.814679145812988,0.18604736030101776,3.7335245609283447,1.3280188865794746
65,64,0,-13.83721923828125,1.7062525749206543,3.764336585998535,1.3209318814820896
66,65,0,-11.380548477172852,-0.33164915442466736,3.7835307121276855,1.3673213753961886
67,66,0,-10.340827941894531,-0.7062970995903015,3.7967259883880615,1.294725931359037
68,67,0,-15.132131576538086,2.8441545963287354,3.802584648132324,1.3333837140219578
69,68,0,-9.34940242767334,0.2591466009616852,3.804455518722534,1.2293750464240203
70,69,0,-11.076261520385742,-0.7057879567146301,3.795341730117798,1.2108429100478963
71,70,0,-15.331075668334961,-3.0002620220184326,3.7829270362854004,1.3150569027708967
72,71,0,-10.8118314743042,-1.4891108274459839,3.739623785018921,1.2504160602055114
73,72,0,-12.099977493286133,-1.452125072479248,3.7246878147125244,1.2073830343759562
74,73,0,-11.922178268432617,-2.2888576984405518,3.7675464153289795,1.3739438480576383
75,74,0,-13.5843505859375,1.3232370615005493,3.734877347946167,1.234253914320899
76,75,0,-11.75759220123291,1.2647567987442017,3.697829246520996,1.021610389166537
77,76,0,-10.313009262084961,2.449323892593384,3.7583370208740234,1.2342003382766016
78,77,0,-7.242094993591309,-3.079572916030884,3.7278778553009033,1.0288999424296488
79,78,0,-12.668220520019531,-1.4924043416976929,3.74979567527771,1.217849472972565
80,79,0,-13.221452713012695,-5.50175666809082,3.685511589050293,1.1751830245082864
81,80,0,-9.431943893432617,-2.7305428981781006,3.6473562717437744,1.0818257141461747
82,81,0,-9.755899429321289,0.892430305480957,3.6194024085998535,1.2132804316838446
83,82,0,-7.582826614379883,1.0486572980880737,3.60163950920105,1.1016771546446928
84,83,0,-12.155747413635254,3.868992567062378,3.5782768726348877,1.0093714778594138
85,84,0,-9.481400489807129,-6.013251781463623,3.5994768142700195,0.94186355244214
86,85,0,-7.189070701599121,0.32975101470947266,3.620872735977173,0.8418463604674113
87,86,0,-6.819368362426758,-1.115788459777832,3.650693893432617,1.0689908188442099
88,87,0,-13.525811195373535,2.4874825477600098,3.6074202060699463,1.0957722465205326
89,88,0,-7.649362087249756,9.037857055664062,3.663907051086426,1.160762698693022
90,89,0,-7.656914234161377,1.151369333267212,3.6812825202941895,1.0968674131977347
91,90,0,-6.932896614074707,7.836788654327393,3.6776843070983887,1.1750045958367934
92,91,0,-7.971700668334961,-2.741055727005005,3.73013973236084,1.0551243437526072
93,92,0,-9.323259353637695,-7.261657238006592,3.721851110458374,1.0239370229800329
94,93,0,-6.391500473022461,-4.196259021759033,3.675710678100586,1.1347231412323664
95,94,0,-6.732957363128662,-1.899772047996521,3.5404586791992188,1.032937029502037
96,95,0,-1.9913992881774902,6.60343599319458,3.516028881072998,0.8764988729565338
97,96,0,-5.11992073059082,11.436058044433594,3.668785572052002,1.2317902357752575
98,97,0,-4.875424385070801,-3.9629554748535156,3.7131905555725098,0.890203299467502
99,98,0,-5.775336742401123,-5.509176731109619,3.809464693069458,0.9006493976087034
100,99,0,-13.991791725158691,-12.040623664855957,3.714637517929077,0.7146594060249155
101,100,0,-3.39276123046875,-6.407479763031006,3.5650341510772705,0.8908532654807862
102,101,0,1.0220131874084473,9.196782112121582,3.474823236465454,1.0732089986208735
103,102,0,-7.432621955871582,8.348203659057617,3.3504793643951416,0.9291610181704372
104,103,0,-6.879085540771484,10.79559326171875,3.4462199211120605,0.8660914611982179
105,104,0,-6.350435256958008,3.113584280014038,3.598914623260498,0.9204769727435744
106,105,0,-5.839343070983887,-7.4234490394592285,3.6370434761047363,0.8426808520706915
107,106,0,-2.6934609413146973,-1.3231874704360962,3.7572567462921143,1.1288758207467071
108,107,0,-9.293827056884766,-5.7657599449157715,3.6757736206054688,1.0627523097874527
109,108,0,-7.150856971740723,-4.613842487335205,3.5285887718200684,0.8701992549892915
110,109,0,-1.145923376083374,6.0858001708984375,3.5095205307006836,1.20740915966844
111,110,0,-16.434326171875,4.551093101501465,3.5172693729400635,1.2030238105380773
112,111,0,-6.047938346862793,0.062141817063093185,3.4568681716918945,0.9806409725083833
113,112,0,-11.540643692016602,1.224319577217102,3.5784802436828613,0.8790866979378297
114,113,0,-17.55086326599121,-8.112109184265137,3.531169891357422,0.8282709654841215
115,114,0,-4.252695083618164,3.200143814086914,3.6135878562927246,0.8073897641137409
116,115,0,-3.6229679584503174,7.649316310882568,3.619588613510132,0.6800306337940031
117,116,0,-14.53144359588623,19.554750442504883,3.5344159603118896,0.6532821103942604
118,117,0,-6.017606735229492,-1.5214271545410156,3.60037899017334,1.0606228966133597
119,118,0,-12.7550630569458,-11.098639488220215,3.524749755859375,1.007900643943172
120,119,0,0.37677717208862305,5.4433135986328125,3.6165735721588135,1.4261786174157358
121,120,0,-2.498206853866577,3.6032025814056396,3.6009345054626465,0.7933914248859923
122,121,0,-3.6871373653411865,2.394821882247925,3.5932326316833496,0.6798511097602281
123,122,0,-9.490814208984375,-1.6171350479125977,3.6082310676574707,0.7023806534173628
124,123,0,-7.163422584533691,2.9038517475128174,3.61641526222229,1.0101853214789462
125,124,0,-6.581389904022217,-13.804060935974121,3.4449033737182617,0.7024239050216882
126,125,0,-7.689184188842773,-1.8319491147994995,3.434612512588501,0.7449535393768635
127,126,0,-9.289134979248047,0.8225922584533691,3.3676745891571045,0.8429491172742717
128,127,0,-2.18708872795105,7.156896114349365,3.3919894695281982,0.8173561999394736
129,128,0,-5.42029333114624,5.65934944152832,3.4935553073883057,0.6968527638274534
130,129,0,-1.210667610168457,12.515751838684082,3.6404407024383545,0.6693660852885467
131,130,0,-6.376552581787109,0.2500708997249603,3.6250410079956055,0.7101879144504348
132,131,0,-5.803216934204102,-5.775808334350586,3.6628570556640625,1.0016417551936674
133,132,0,-3.8196678161621094,-9.63217830657959,3.5324110984802246,0.9969864390418185
134,133,0,-11.169710159301758,-11.263819694519043,3.382985830307007,0.6431985324745993
135,134,0,-3.6069931983947754,-5.92353630065918,3.2666008472442627,0.8132504349623201
136,135,0,-0.6399679780006409,8.156126976013184,3.2134761810302734,0.5060441875595905
137,136,0,-5.041249752044678,18.2219181060791,3.3029861450195312,0.49711647736714654
138,137,0,-3.4981629848480225,9.991355895996094,3.5320143699645996,0.5048812765803478
139,138,0,-3.7142865657806396,13.0324125289917,3.629254102706909,0.6128687203059247
140,139,0,-7.442601680755615,2.4033396244049072,3.6472039222717285,0.7021144068486427
141,140,0,-4.0254998207092285,0.38867297768592834,3.699446201324463,1.187606236859324
142,141,0,-6.900479316711426,-8.074649810791016,3.5763840675354004,0.888348760597988
143,142,0,-6.30318021774292,-6.601995468139648,3.4964163303375244,1.1481564953803511
144,143,0,-5.359574317932129,6.646573543548584,3.512969493865967,1.1304947783657415
145,144,0,-1.6505732536315918,4.650985240936279,3.35697340965271,0.5631555110296645
146,145,0,-6.935577869415283,2.6835851669311523,3.548341989517212,0.8839187305033441
147,146,0,-3.0760724544525146,-1.3223029375076294,3.4806368350982666,0.7066542379152603
148,147,0,-4.9723663330078125,6.809806823730469,3.6651628017425537,0.9069561858748226
149,148,0,-5.230257987976074,-4.76554012298584,3.670250177383423,0.6609604218292919
150,149,0,-2.6795597076416016,-7.809915065765381,3.594244956970215,0.6025486186364328
151,150,0,-3.7652435302734375,0.46115604043006897,3.610616445541382,0.5856366542258591
152,151,0,-1.9017788171768188,-1.4115289449691772,3.5340187549591064,0.7001269512198753
153,152,0,-2.7678089141845703,-4.730469226837158,3.4326488971710205,0.5636473749176604
154,153,0,-2.7754974365234375,-3.272102117538452,3.3433024883270264,0.49325034122208306
155,154,0,-3.0844714641571045,4.239041805267334,3.42218279838562,0.7437882993119104
156,155,0,-10.989376068115234,0.5217210054397583,3.4811794757843018,0.8035080453977574
157,156,0,-4.4352521896362305,-3.2999942302703857,3.359900951385498,0.543137545284695
158,157,0,-10.668058395385742,-0.5690544247627258,3.5773000717163086,0.6776427859773825
159,158,0,-2.333108901977539,14.734684944152832,3.6149098873138428,0.8218170929830771
160,159,0,-2.1312975883483887,6.2506585121154785,3.5134060382843018,0.5982242022972236
161,160,0,-2.990633964538574,9.68200969696045,3.4964993000030518,0.5643682995407672
162,161,0,-5.810342788696289,10.229796409606934,3.529752492904663,0.8997816494070571
163,162,0,-1.6898069381713867,2.171891450881958,3.5077359676361084,0.7016176290555309
164,163,0,-4.879594802856445,-2.4469408988952637,3.6034958362579346,0.729769037046364
165,164,0,-2.7498087882995605,-1.441240668296814,3.7289140224456787,1.0548463201428033
166,165,0,-3.5589699745178223,-9.814309120178223,3.6331615447998047,0.49554076333115393
167,166,0,-5.4583353996276855,-9.968734741210938,3.5951359272003174,0.5327180861412614
168,167,0,-3.297341823577881,-5.8364996910095215,3.48786997795105,0.5070382365679286
169,168,0,-0.3004523813724518,3.1966915130615234,3.5297658443450928,0.6866364729450122
170,169,0,-5.347104072570801,3.381296157836914,3.3804287910461426,0.42135291337759534
171,170,0,-3.3255362510681152,9.718571662902832,3.4161698818206787,0.4786151057682833
172,171,0,-2.614741563796997,17.794004440307617,3.5822832584381104,0.6467079400310514
173,172,0,-0.24956512451171875,9.337645530700684,3.706570863723755,0.7464558025144613
174,173,0,-3.2813119888305664,1.2279670238494873,3.708919048309326,0.7425461079735619
175,174,0,-3.822277545928955,-2.470656394958496,3.72251296043396,0.9072105530148957
176,175,0,-1.7776284217834473,-8.845011711120605,3.530869483947754,0.5687732591271994
177,176,0,-4.133872985839844,-6.276211261749268,3.5136265754699707,0.9364388832575278
178,177,0,-0.8920632600784302,-8.332764625549316,3.4218318462371826,0.8847535928341457
179,178,0,0.591101884841919,2.0470383167266846,3.451923370361328,0.8476561829515896
180,179,0,-1.4451299905776978,-1.778992772102356,3.301590919494629,0.4528808391010351
181,180,0,-0.6146961450576782,4.58832311630249,3.4683449268341064,0.6285759906495126
182,181,0,-0.5611237287521362,10.737521171569824,3.3603429794311523,0.3330548056031119
183,182,0,-3.796020984649658,13.302613258361816,3.5512423515319824,0.27406560974484623
184,183,0,-1.621503233909607,11.188189506530762,3.799095869064331,0.40908954721454177
185,184,0,-2.8401594161987305,9.063404083251953,3.7934517860412598,0.4937172580428782
186,185,0,-0.5185024738311768,3.3543472290039062,3.6991024017333984,0.5590771243367556
187,186,0,-0.6831541657447815,2.8693063259124756,3.6645448207855225,1.2007583307651586
188,187,0,-1.3749996423721313,0.8889614939689636,3.647592544555664,1.2877853711483558
189,188,0,-1.4516210556030273,-2.1783287525177,3.6607415676116943,1.0838359258959975
190,189,0,-4.580886363983154,-9.941575050354004,3.549682378768921,0.4127187741076106
191,190,0,-5.0056586265563965,-9.330414772033691,3.6329312324523926,0.5263401283309308
192,191,0,-4.232419013977051,-7.174564361572266,3.650301456451416,0.5982838544007532
193,192,0,-0.24711209535598755,-8.729313850402832,3.465668201446533,0.4414252885906931
194,193,0,-2.537560224533081,-4.1441521644592285,3.4379429817199707,0.3909234675019821
195,194,0,-7.20616340637207,-0.9042128920555115,3.4291183948516846,0.5263297358750788
196,195,0,-0.3865428566932678,3.6044132709503174,3.269937515258789,0.3575123236175042
197,196,0,-4.207914352416992,13.072758674621582,3.3930914402008057,0.44651752177376647
198,197,0,-2.899005174636841,16.848051071166992,3.4522035121917725,0.5316466620531749
199,198,0,-2.7689096927642822,15.733904838562012,3.6981940269470215,0.7525100520580216
200,199,0,-2.4824471473693848,9.00589656829834,3.700117349624634,0.5902602228138636
201,200,0,-1.766409158706665,5.560995101928711,3.734506845474243,0.803917584456296
202,201,0,-0.8241716027259827,1.3441662788391113,3.6309781074523926,0.5699594764544752
203,202,0,-1.9532746076583862,-0.3915795385837555,3.689157009124756,0.9843147738664896
204,203,0,-2.737053394317627,-3.79763126373291,3.677002191543579,0.9175999863925298
205,204,0,-6.421337127685547,-6.749305248260498,3.706444025039673,0.859240755291646
206,205,0,-3.848726749420166,-11.400952339172363,3.671504259109497,0.43803160206595854
207,206,0,-7.840630054473877,-11.903765678405762,3.6207897663116455,0.37545677709561337
208,207,0,-2.0176353454589844,-9.207472801208496,3.489739179611206,0.44934774614856865
209,208,0,-0.4296650290489197,-5.252676010131836,3.4194252490997314,0.3439380328280737
210,209,0,-0.2834194600582123,3.650222063064575,3.4566946029663086,0.47480539410600436
211,210,0,-2.0303659439086914,11.726183891296387,3.48889422416687,0.508249276811764
212,211,0,-3.2613587379455566,17.348108291625977,3.47613787651062,0.3215973135936985
213,212,0,-1.8433961868286133,12.095183372497559,3.6037955284118652,0.3270895466164551
214,213,0,-3.7908411026000977,5.544576168060303,3.6990292072296143,0.5020986271628489
215,214,0,-2.4563074111938477,2.526996612548828,3.641383171081543,0.8903553262876595
216,215,0,-1.0049986839294434,2.4621901512145996,3.5256588459014893,0.5900988742641852
217,216,0,-1.031801462173462,1.163034439086914,3.360447645187378,0.7946402632839732
218,217,0,-2.1763978004455566,1.8551973104476929,3.3763575553894043,0.7848498865440064
219,218,0,-2.9199249744415283,0.34721192717552185,3.389005184173584,0.4585945421169478
220,219,0,-1.2557830810546875,0.4199489653110504,3.474806547164917,0.3255068095144178
221,220,0,-0.9046950340270996,-0.06714770197868347,3.611104965209961,0.3735538916168055
222,221,0,-1.9832786321640015,-0.7727363705635071,3.736315965652466,0.45190980541837394
223,222,0,-0.6231192350387573,0.7923340797424316,3.7695119380950928,0.3520344690416241
224,223,0,-0.42558175325393677,0.4981605112552643,3.697556257247925,0.4590820784857792
225,224,0,-2.5180861949920654,0.9604439735412598,3.6741583347320557,0.3966080470163931
226,225,0,-1.4303069114685059,1.186888575553894,3.5058693885803223,0.5756759565675819
227,226,0,-1.6911098957061768,2.7450637817382812,3.4486355781555176,0.5752856783899042
228,227,0,-2.3821604251861572,6.973581790924072,3.444817304611206,0.7832687127590079
229,228,0,-1.524811029434204,2.872694253921509,3.5884339809417725,0.528387498513733
230,229,0,-2.9106719493865967,-0.7885005474090576,3.663053512573242,0.5711680104368319
231,230,0,-1.403627634048462,-2.0643575191497803,3.6654245853424072,0.4091592969104016
232,231,0,-0.6029278635978699,-0.1041928306221962,3.555126428604126,0.42622488931563857
233,232,0,-1.6287614107131958,1.8431199789047241,3.5137836933135986,0.3488166035876159
234,233,0,-1.9604562520980835,7.858547210693359,3.6221582889556885,0.7010454518594983
235,234,0,-2.9319686889648438,6.5768303871154785,3.5841314792633057,0.4323032388426498
236,235,0,-3.8604540824890137,2.287750720977783,3.6234114170074463,0.4033172556310247
237,236,0,-1.5410975217819214,1.3029963970184326,3.6103804111480713,0.3166621525678772
238,237,0,-2.083685874938965,-0.7420154213905334,3.5969934463500977,0.5351499005136663
239,238,0,-2.275622844696045,-0.3662234842777252,3.6231460571289062,0.5634263826622687
240,239,0,-1.8235573768615723,-3.3062326908111572,3.554192543029785,0.44053189560351447
241,240,0,-2.464580535888672,-4.095005989074707,3.5410118103027344,0.3289797919699664
242,241,0,-0.9758800268173218,-2.2098605632781982,3.524024486541748,0.5442637994669974
243,242,0,-2.194983959197998,1.384260654449463,3.6016435623168945,0.5661803822669573
244,243,0,-6.134587287902832,0.7563732266426086,3.5610666275024414,0.3881992028130092
245,244,0,-2.863616466522217,5.5128493309021,3.6394338607788086,0.589033576971114
246,245,0,-2.711968183517456,1.035969853401184,3.5024521350860596,0.4086762123036443
247,246,0,-5.335123538970947,-3.8036508560180664,3.5431668758392334,0.40285000582129915
248,247,0,-1.8152928352355957,-3.207449197769165,3.551788091659546,0.4025080382791839
249,248,0,-2.1584296226501465,-0.9685148596763611,3.460789203643799,0.4884445880618116
250,249,0,-1.8706862926483154,5.079580307006836,3.5772650241851807,0.5177949700854138
251,250,0,-2.074300765991211,10.253226280212402,3.512239933013916,0.3828091068958941
252,251,0,-1.4524760246276855,6.012877941131592,3.6198344230651855,0.407100611893555
253,252,0,-2.7896766662597656,8.234176635742188,3.671962022781372,0.680672058182758
254,253,0,-0.9330165386199951,4.610970497131348,3.639218330383301,0.5798318052147194
255,254,0,-2.1695668697357178,3.7393789291381836,3.6174516677856445,0.4798574454922068
256,255,0,-1.1874148845672607,-0.051647648215293884,3.719601631164551,0.6874391150415828
257,256,0,-1.2898427248001099,-2.6943435668945312,3.683799982070923,0.467119079081725
258,257,0,-2.244079113006592,-2.989809274673462,3.6736366748809814,0.5074659336862563
259,258,0,-2.219256639480591,-4.296850681304932,3.6257808208465576,0.42335139978052
260,259,0,-3.904839515686035,-4.925605297088623,3.5037662982940674,0.2966178511916026
261,260,0,-1.7395027875900269,3.7995426654815674,3.589425563812256,0.5900836155215631
262,261,0,-1.5644848346710205,1.2935760021209717,3.5899546146392822,0.5791311716649006
263,262,0,-1.4722082614898682,4.404599189758301,3.5641722679138184,0.3590837949670375
264,263,0,-2.048283100128174,4.4711737632751465,3.543351650238037,0.2558965395297301
265,264,0,-2.435823678970337,6.04421854019165,3.618389844894409,0.528683190952986
266,265,0,-1.7706983089447021,7.526821613311768,3.584341526031494,0.5683619295147712
267,266,0,-0.39402008056640625,-3.051016092300415,3.6263394355773926,0.3976334384084894
268,267,0,-1.345000982284546,-7.815648555755615,3.5902626514434814,0.3341259319749808
269,268,0,-2.4556496143341064,-10.140278816223145,3.529125690460205,0.34065094880211416
270,269,0,0.2021293342113495,-3.0559604167938232,3.5643351078033447,0.5881174969449051
271,270,0,-1.6755907535552979,-0.49526920914649963,3.4759202003479004,0.37236731157030817
272,271,0,-1.0814368724822998,6.04180908203125,3.3780157566070557,0.30014925051122154
273,272,0,-2.0308473110198975,16.95941162109375,3.5917396545410156,0.47322250347102285
274,273,0,0.032330989837646484,5.279263019561768,3.6141345500946045,0.23349137400914896
275,274,0,-1.0821993350982666,0.5783390402793884,3.6840522289276123,0.6064449651462367
276,275,0,-2.6473379135131836,-6.205728054046631,3.5856947898864746,0.47947141996423776
277,276,0,-2.0112645626068115,-4.015308856964111,3.6009864807128906,0.8738768376868126
278,277,0,-0.38450559973716736,-3.7852509021759033,3.582575559616089,0.5987597601011481
279,278,0,-0.178786039352417,-3.0487070083618164,3.5303914546966553,0.3450835067517824
280,279,0,-1.1516894102096558,0.8684415221214294,3.527432441711426,0.32462751541806967
281,280,0,-2.2294132709503174,5.22767448425293,3.4400241374969482,0.3488281155540836
282,281,0,-2.2994093894958496,9.465006828308105,3.499199867248535,0.31408229699320495
283,282,0,-2.3608956336975098,12.069099426269531,3.5230062007904053,0.4483327858738036
284,283,0,-1.0887635946273804,6.972679138183594,3.582152843475342,0.32089065210267304
285,284,0,-1.409255862236023,4.687278747558594,3.6818225383758545,0.44388897490874335
286,285,0,-2.1686458587646484,0.45789167284965515,3.6747541427612305,0.42236775515255087
287,286,0,-1.0006694793701172,-0.44343647360801697,3.6474716663360596,0.3925499854295273
288,287,0,-1.6972460746765137,-1.944375991821289,3.6457695960998535,0.3396800280545523
289,288,0,-2.4374947547912598,-4.059325695037842,3.641875743865967,0.45428795588495374
290,289,0,-3.3995561599731445,-7.740940570831299,3.6297123432159424,0.4044306479745847
291,290,0,-0.8387933373451233,-7.341925144195557,3.6119186878204346,0.32767890052603804
292,291,0,-2.609320640563965,-4.828543186187744,3.552658796310425,0.4460759608275697
293,292,0,0.5525237321853638,1.9186674356460571,3.512913227081299,0.38761823118103456
294,293,0,-2.102407932281494,9.610554695129395,3.488474130630493,0.2718823121603197
295,294,0,-2.060055732727051,12.358535766601562,3.4897305965423584,0.41653488969781577
296,295,0,-1.6608127355575562,8.964337348937988,3.543543577194214,0.2944890605206134
297,296,0,-0.8654139041900635,0.13624335825443268,3.5684475898742676,0.449307618741984
298,297,0,-1.9740488529205322,-3.7270939350128174,3.563472032546997,0.5477616442989105
299,298,0,-1.0371962785720825,-4.78649377822876,3.5574090480804443,0.28937675612158853
300,299,0,-0.2608655095100403,-2.3784306049346924,3.5561513900756836,0.5967766703868301
301,300,0,-0.9024345874786377,-2.0100290775299072,3.5344200134277344,0.28646747902327646
302,301,0,-1.082010269165039,0.4671703577041626,3.537147045135498,0.3263144061406983
303,302,0,-1.3028770685195923,4.063490867614746,3.550468921661377,0.28622650559174384
304,303,0,-2.6237404346466064,4.388936996459961,3.574777126312256,0.4201808850956774
305,304,0,-1.8048758506774902,6.9978861808776855,3.518355369567871,0.3819657637077205
306,305,0,-2.4955880641937256,8.600699424743652,3.5577785968780518,0.31323648592624054
307,306,0,-0.8985556364059448,1.029258131980896,3.5859620571136475,0.3815116586499319
308,307,0,-1.0769503116607666,-0.8180262446403503,3.6466314792633057,0.44041763719512866
309,308,0,-1.8851170539855957,-4.139135360717773,3.6446242332458496,0.34197264515461767
310,309,0,-2.21052885055542,-7.672412872314453,3.5459532737731934,0.397900525211296
311,310,0,-1.1703541278839111,-5.288715839385986,3.5824923515319824,0.3972393356190413
312,311,0,-1.7400919198989868,-3.605910539627075,3.5018820762634277,0.5011884957766538
313,312,0,-0.330099880695343,2.5925045013427734,3.5519285202026367,0.3680425836494125
314,313,0,-1.608843207359314,7.900155544281006,3.5092735290527344,0.231143045700929
315,314,0,-2.098423480987549,9.28488826751709,3.5103893280029297,0.46237118517933024
316,315,0,-1.7314318418502808,8.498444557189941,3.5568737983703613,0.34058303419224273
317,316,0,1.2797949314117432,1.2081905603408813,3.536972999572754,0.3331528641322979
318,317,0,-1.4204851388931274,-0.3567049503326416,3.581299304962158,0.3612838074340621
319,318,0,-1.246832013130188,-3.437732458114624,3.4927616119384766,0.3301937857573786
320,319,0,-0.9845041036605835,-3.2929294109344482,3.538341760635376,0.37475710062246836
321,320,0,-0.25734809041023254,-0.23727881908416748,3.6254184246063232,0.37528164781478973
322,321,0,-1.4383111000061035,0.6493169069290161,3.6848886013031006,0.3225959921831708
323,322,0,-1.5987378358840942,-0.6633740067481995,3.5961344242095947,0.4120082981801081
324,323,0,-1.2759974002838135,0.7738680839538574,3.5879337787628174,0.31069175586793357
325,324,0,-0.87204909324646,4.567977428436279,3.5107030868530273,0.3808760980953701
326,325,0,-1.4236688613891602,13.11562728881836,3.5086112022399902,0.3382348121206193
327,326,0,0.13689041137695312,6.178089618682861,3.6297314167022705,0.36196522434435
328,327,0,-1.7061338424682617,-0.7023911476135254,3.6301016807556152,0.35090287763340466
329,328,0,-0.4740716218948364,-0.29483601450920105,3.6758432388305664,0.5451993492828301
330,329,0,-1.2972255945205688,-2.5194318294525146,3.6860997676849365,0.28856717110023017
331,330,0,-1.5510249137878418,-4.245833873748779,3.629058361053467,0.33302788202716543
332,331,0,-2.641094923019409,-5.126827716827393,3.6292788982391357,0.4424791667310486
333,332,0,-0.8194222450256348,-3.912670135498047,3.6320252418518066,0.4972608252240986
334,333,0,-0.18105733394622803,-2.4664981365203857,3.535743236541748,0.4899912444633887
335,334,0,-0.34937503933906555,4.173153400421143,3.4853248596191406,0.5004535402676261
336,335,0,-1.4893648624420166,9.16532039642334,3.4375367164611816,0.5619101721723413
337,336,0,-1.896009087562561,10.942737579345703,3.477593421936035,0.390465660663273
338,337,0,-0.9139282703399658,6.988626003265381,3.6009488105773926,0.3484816658585161
339,338,0,-1.1112784147262573,4.364037990570068,3.6184825897216797,0.310849032148006
340,339,0,-0.8131960034370422,3.337364912033081,3.6344187259674072,0.3728217480947686
341,340,0,-1.0116103887557983,2.413879632949829,3.612471580505371,0.39146184190967026
342,341,0,-1.7252393960952759,-0.33620762825012207,3.6362764835357666,0.34786454463266453
343,342,0,-1.0867424011230469,-2.9521052837371826,3.6771340370178223,0.3422047829019392
344,343,0,-1.7623225450515747,-4.894710063934326,3.724742889404297,0.3556200376682692
345,344,0,-2.4050214290618896,-7.123488903045654,3.6258654594421387,0.6471224347477568
346,345,0,-1.3040499687194824,-7.658666133880615,3.5542874336242676,0.3981208624724267
347,346,0,-0.32623860239982605,-4.201021194458008,3.487837553024292,0.5244403729528125
348,347,0,-0.5603033304214478,2.140352964401245,3.415073871612549,0.258366923480882
349,348,0,-1.9817959070205688,8.36902904510498,3.4255545139312744,0.40892148264575284
350,349,0,-2.2643473148345947,15.490744590759277,3.4514310359954834,0.5026190143430839
351,350,0,-0.21013939380645752,5.357091426849365,3.5593442916870117,0.4492589408724212
352,351,0,-1.1248151063919067,3.8908262252807617,3.575313091278076,0.40876914018340166
353,352,0,-0.47125643491744995,4.9550018310546875,3.5751194953918457,0.5103017596072158
354,353,0,-0.9264028668403625,7.313228607177734,3.6082723140716553,0.35611064459348785
355,354,0,0.16784116625785828,3.7614715099334717,3.646742582321167,0.4578563583574073
356,355,0,-0.325636625289917,-2.8586323261260986,3.7422142028808594,0.3843323853688843
357,356,0,-1.2225139141082764,-7.700254917144775,3.750053882598877,0.5423728986886024
358,357,0,-2.2330994606018066,-12.542916297912598,3.631138801574707,0.4036294938908385
359,358,0,1.1670196056365967,-10.119540214538574,3.5393731594085693,0.44216985164503947
360,359,0,1.0044139623641968,-4.239140510559082,3.466799020767212,0.3602475783877462
361,360,0,-0.8291807174682617,2.462249994277954,3.5153191089630127,0.4316712808780985
362,361,0,-0.6810741424560547,9.183348655700684,3.5143539905548096,0.4210362579843157
363,362,0,-1.418320894241333,11.97813892364502,3.5960757732391357,0.346393955224332
364,363,0,-1.4236946105957031,11.6327486038208,3.5609962940216064,0.412597818586556
365,364,0,-1.7876616716384888,9.144339561462402,3.6384081840515137,0.2989148604753252
366,365,0,-0.2611893117427826,6.185552597045898,3.58927583694458,0.4195419887858803
367,366,0,-0.46331435441970825,7.756740093231201,3.6039352416992188,0.4544839039548925
368,367,0,-0.539862871170044,6.810692310333252,3.785170316696167,0.4683907123407971
369,368,0,-0.12000070512294769,0.550605297088623,3.8724420070648193,0.3816821302660878
370,369,0,-1.4199295043945312,-4.060611724853516,3.8550055027008057,0.2990690276433148
371,370,0,-1.6541707515716553,-10.208003044128418,3.72652006149292,0.30149037058841455
372,371,0,-1.1565032005310059,-13.527379035949707,3.5307607650756836,0.4666786929653608
373,372,0,0.28067106008529663,-8.94278335571289,3.463564872741699,0.4175941181376877
374,373,0,0.053882598876953125,-5.7453293800354,3.374803066253662,0.3255689985954824
375,374,0,0.402803510427475,1.3835405111312866,3.355473041534424,0.40615124506456435
376,375,0,-0.3666051924228668,13.93122386932373,3.4386403560638428,0.31131416581850585
377,376,0,-1.5900906324386597,16.42316246032715,3.5771868228912354,0.36425607338064747
378,377,0,-0.283388614654541,7.3379807472229,3.5718986988067627,0.35546476036101343
379,378,0,-0.4942304491996765,-0.19945435225963593,3.666642189025879,0.2226407235822954
380,379,0,-0.2845451235771179,-4.7333550453186035,3.5872581005096436,0.2174305721653527
381,380,0,0.42901524901390076,-5.869617462158203,3.5290040969848633,0.5115132535063657
382,381,0,1.0209659337997437,-4.823005676269531,3.490257740020752,0.32746681099645575
383,382,0,-0.045996010303497314,-2.108898878097534,3.5375561714172363,0.3122618532259629
384,383,0,0.36801812052726746,1.5536524057388306,3.528614044189453,0.32039670559749445
385,384,0,-0.07607521116733551,5.88701057434082,3.5575780868530273,0.3199832402974719
386,385,0,-1.2359869480133057,11.253833770751953,3.6375339031219482,0.26713559893595484
387,386,0,-1.2840737104415894,12.146198272705078,3.6761155128479004,0.18708002530350068
388,387,0,-0.2343938946723938,7.648921966552734,3.6614909172058105,0.1688697844581394
389,388,0,-0.0733337253332138,4.023597717285156,3.6466009616851807,0.23527171293051696
390,389,0,-0.3359622657299042,2.098121166229248,3.6148414611816406,0.3505482629179557
391,390,0,-0.1224241852760315,1.8594290018081665,3.6693012714385986,0.2759455171580038
392,391,0,-0.29737216234207153,0.2031620740890503,3.7304553985595703,0.46965248322118985
393,392,0,-1.0414568185806274,-2.609480142593384,3.790653944015503,0.262453983367347
394,393,0,-1.5673472881317139,-5.509437084197998,3.7910244464874268,0.29559137026296883
395,394,0,-1.8680789470672607,-9.739418983459473,3.6906955242156982,0.3358648747282708
396,395,0,-0.9919082522392273,-11.626614570617676,3.5426318645477295,0.5576896838860226
397,396,0,-1.0239540338516235,-7.209391117095947,3.50893235206604,0.3616177591625191
398,397,0,0.015182718634605408,-4.802614212036133,3.42626953125,0.4158764446331477
399,398,0,0.17465758323669434,-0.15983761847019196,3.374372720718384,0.29538458813502727
400,399,0,-1.159172534942627,5.841210842132568,3.443756103515625,0.44654619322534694
401,400,0,-1.4143682718276978,13.326951026916504,3.499518871307373,0.4315606136615102
402,401,0,-1.3874224424362183,11.82721996307373,3.552579164505005,0.4169117727966046
403,402,0,-2.0910372734069824,10.938654899597168,3.5713565349578857,0.3698019381725728
404,403,0,-0.6631838083267212,7.190653324127197,3.531181812286377,0.44527066004029753
405,404,0,-0.6560773849487305,5.228528022766113,3.5619418621063232,0.48141428604172337
406,405,0,-0.6984412670135498,5.07335090637207,3.5524954795837402,0.403148671430547
407,406,0,-0.2630334794521332,2.672199249267578,3.710902214050293,0.5300613254039747
408,407,0,-1.8264466524124146,-1.0631670951843262,3.8317883014678955,0.3207094998120417
409,408,0,-1.9314287900924683,-6.40481424331665,3.79449725151062,0.28312021673724236
410,409,0,-1.6803514957427979,-7.459327697753906,3.7574996948242188,0.5469895386070841
411,410,0,0.24217349290847778,-11.34471607208252,3.5790975093841553,0.4786831061141436
412,411,0,0.8813126683235168,-10.583741188049316,3.4190773963928223,0.3663898839746457
413,412,0,1.0948779582977295,-5.6978302001953125,3.419555187225342,0.45483592053806604
414,413,0,0.36910325288772583,-1.8193398714065552,3.33767032623291,0.45754210274171353
415,414,0,-0.03686681389808655,7.575306415557861,3.365709066390991,0.42620286577437155
416,415,0,-1.7163684368133545,18.791208267211914,3.429178476333618,0.3975954780791373
417,416,0,-0.9150114059448242,12.64974308013916,3.5481669902801514,0.38210978772204385
418,417,0,-0.8016595840454102,4.549429416656494,3.6283669471740723,0.3836166166615569
419,418,0,-1.07858407497406,3.0851638317108154,3.6280417442321777,0.21203248559638346
420,419,0,-0.44266068935394287,1.593462586402893,3.5439260005950928,0.3333302481192541
421,420,0,0.1705891191959381,3.1585636138916016,3.4160335063934326,0.3615715490933901
422,421,0,-0.38237258791923523,6.440193176269531,3.47544264793396,0.3041401850347947
423,422,0,-0.6545971632003784,7.41680383682251,3.5943105220794678,0.3752798492451554
424,423,0,0.27126064896583557,6.106212615966797,3.6740896701812744,0.4047860173379516
425,424,0,0.5086273550987244,3.8500709533691406,3.7995476722717285,0.4226551296063203
426,425,0,-0.05642107129096985,2.674144983291626,3.7801568508148193,0.21507292198469838
427,426,0,-0.15707120299339294,0.6957495808601379,3.6872363090515137,0.28758545647564443
428,427,0,-0.2024238556623459,-0.9962975978851318,3.5985379219055176,0.3818693472563289
429,428,0,-0.9516218900680542,-2.139798402786255,3.5866637229919434,0.5347325068550156
430,429,0,-1.067943811416626,-3.615086317062378,3.6420717239379883,0.5968919505670414
431,430,0,-0.7905608415603638,-4.367187976837158,3.7380685806274414,0.5616230129841183
432,431,0,-0.8121118545532227,-7.189213275909424,3.670738458633423,0.3988309841336714
433,432,0,-0.7619788646697998,-7.320394992828369,3.64119815826416,0.43495320493098055
434,433,0,0.2818102538585663,-5.758474826812744,3.569348096847534,0.3105420466582603
435,434,0,-0.049521736800670624,-2.705698013305664,3.4433023929595947,0.307894067764657
436,435,0,-0.5404267311096191,2.6144134998321533,3.3485982418060303,0.27990790937997745
437,436,0,-1.053968071937561,14.867615699768066,3.427838087081909,0.3471765194731184
438,437,0,-0.22530698776245117,8.552486419677734,3.5832579135894775,0.31530912637058656
439,438,0,-1.8753559589385986,7.784168243408203,3.6944329738616943,0.27143247988871727
440,439,0,-1.422006368637085,6.624109745025635,3.590376138687134,0.3061367735386667
441,440,0,-0.7519600987434387,5.844592571258545,3.4874370098114014,0.3864555187900467
442,441,0,-1.1845593452453613,7.12214469909668,3.4577796459198,0.4018981527453054
443,442,0,-1.3548755645751953,6.931629180908203,3.5860204696655273,0.36283675501472773
444,443,0,-0.20829439163208008,1.5186290740966797,3.654926300048828,0.390058554826195
445,444,0,-0.33367007970809937,-0.9482595920562744,3.810239553451538,0.425691794987981
446,445,0,-1.2215850353240967,-4.481152057647705,3.814643383026123,0.30417701587507934
447,446,0,-0.7828112840652466,-9.465444564819336,3.6546499729156494,0.2675552788968252
448,447,0,0.0021238327026367188,-10.452237129211426,3.4868767261505127,0.3116851681334532
449,448,0,-0.29487884044647217,-5.153779983520508,3.477339744567871,0.2999609033317794
450,449,0,1.2336188554763794,-1.1881356239318848,3.394113540649414,0.3705225157146948
451,450,0,0.022886037826538086,7.783883571624756,3.451284885406494,0.3068987683815145
452,451,0,-1.4197453260421753,15.900809288024902,3.4946539402008057,0.4548956711468346
453,452,0,-1.1334648132324219,11.266158103942871,3.6645407676696777,0.2886087924622333
454,453,0,-1.6305325031280518,8.385573387145996,3.6601336002349854,0.27062509636257387
455,454,0,-0.55516117811203,4.2442803382873535,3.6515729427337646,0.3376929686442082
456,455,0,-0.19187167286872864,3.093393325805664,3.612614870071411,0.38796469526125216
457,456,0,-0.5390700101852417,3.3127005100250244,3.5322937965393066,0.3774702751074343
458,457,0,-0.6863982677459717,3.612147331237793,3.60762619972229,0.2904681514578367
459,458,0,-0.5978044867515564,1.9219703674316406,3.6781184673309326,0.34726352874189553
460,459,0,-0.4354901611804962,-1.377164363861084,3.773754119873047,0.3627353961702883
461,460,0,-1.0168348550796509,-4.940815448760986,3.7729594707489014,0.41297965422484745
462,461,0,-0.6569640040397644,-7.830722808837891,3.691926956176758,0.3475346653073359
463,462,0,-1.0549395084381104,-7.846912384033203,3.5999929904937744,0.3555660552853575
464,463,0,-0.43081557750701904,-6.36815881729126,3.5265910625457764,0.3868894029557159
465,464,0,0.5731005668640137,-4.554843902587891,3.482545852661133,0.375573388799822
466,465,0,-0.7324812412261963,-0.8746201992034912,3.5405478477478027,0.4374784078167364
467,466,0,0.19611188769340515,3.235578775405884,3.4958078861236572,0.4205886617273095
468,467,0,-0.7746583223342896,10.564233779907227,3.5219740867614746,0.5407996028043804
469,468,0,-1.2261576652526855,10.536225318908691,3.6320130825042725,0.33540996110381854
470,469,0,-1.394972801208496,8.495352745056152,3.613234519958496,0.3549552077117745
471,470,0,-0.8869761228561401,4.623868942260742,3.572333335876465,0.2550116565773052
472,471,0,-0.6798444390296936,1.9028431177139282,3.527780055999756,0.30623955606877934
473,472,0,-0.8575011491775513,1.837462067604065,3.5546631813049316,0.3428789852317739
474,473,0,-1.2330660820007324,0.4733271598815918,3.6059932708740234,0.2612522822449134
475,474,0,-0.8262917399406433,-1.2617535591125488,3.693882942199707,0.48320199905072264
476,475,0,-0.36566585302352905,-1.8947376012802124,3.7291688919067383,0.3191743793623862
477,476,0,-0.2551131248474121,-3.0935566425323486,3.683027744293213,0.2530613731976298
478,477,0,-0.8511631488800049,-4.758708477020264,3.5874576568603516,0.3851008855153353
479,478,0,0.026108868420124054,-3.605611562728882,3.5173873901367188,0.32643037318959683
480,479,0,-0.24272224307060242,-1.54224693775177,3.4887959957122803,0.2492658280665665
481,480,0,0.022059641778469086,3.5119504928588867,3.452826976776123,0.36048315054425234
482,481,0,-0.8219316005706787,9.866740226745605,3.501133918762207,0.2282969927973996
483,482,0,-1.062373161315918,12.389876365661621,3.59411883354187,0.33450391668859386
484,483,0,-0.9073513746261597,7.437038898468018,3.687870979309082,0.29386075486858315
485,484,0,-1.0665391683578491,5.553377628326416,3.6194515228271484,0.40311146879814697
486,485,0,-0.3119570016860962,4.030848503112793,3.5562803745269775,0.242719167207085
487,486,0,-0.5999438762664795,5.884390354156494,3.6263482570648193,0.3662454205685772
488,487,0,-0.30076664686203003,3.9988248348236084,3.7048799991607666,0.4095227602436042
489,488,0,-0.4466850161552429,1.9863535165786743,3.7575318813323975,0.3390247011275129
490,489,0,-0.5851956009864807,-1.0909162759780884,3.7477667331695557,0.3084599711552867
491,490,0,-1.0773093700408936,-3.157076120376587,3.7700138092041016,0.35356525180615117
492,491,0,-0.9488716125488281,-6.3978657722473145,3.674370527267456,0.3640736704269094
493,492,0,-1.6995279788970947,-9.570420265197754,3.5856618881225586,0.38713510075503693
494,493,0,-0.6080790162086487,-7.419950008392334,3.5915679931640625,0.29845370884733025
495,494,0,0.522078275680542,-4.005643844604492,3.5571556091308594,0.4056316374617275
496,495,0,-0.4033055901527405,0.4217313230037689,3.5094873905181885,0.4434554650837697
497,496,0,-1.0450751781463623,5.18874979019165,3.5240678787231445,0.28285007729696643
498,497,0,-1.1293821334838867,10.926390647888184,3.51444935798645,0.26244977808065206
499,498,0,-1.9187085628509521,15.709785461425781,3.543656826019287,0.3443511233984851
500,499,0,0.7857764959335327,4.388171195983887,3.611802339553833,0.29267934826007586
501,500,0,-0.6079621315002441,0.6643633842468262,3.6336491107940674,0.31527728839565544
502,501,0,-0.16604632139205933,-0.8863368034362793,3.61059832572937,0.24079168792958425
503,502,0,-0.4329472482204437,-2.2004058361053467,3.597419500350952,0.2358690894404282
504,503,0,-0.6523721218109131,-2.4118845462799072,3.638434648513794,0.3755637089060884
505,504,0,-0.3438819944858551,-3.112497091293335,3.675546884536743,0.35483697053801416
506,505,0,-0.19223952293395996,-3.1501028537750244,3.618544101715088,0.3407631534385622
507,506,0,-0.7126372456550598,-2.153745412826538,3.576361656188965,0.3994081335313129
508,507,0,-0.9194017648696899,-2.075528860092163,3.513627052307129,0.43506721292229117
509,508,0,-0.5180591344833374,0.1442480832338333,3.5205631256103516,0.2836994104644821
510,509,0,-0.3548288345336914,3.569575309753418,3.543271064758301,0.306844279604512
511,510,0,-0.4667366147041321,7.992574214935303,3.6176862716674805,0.28459073229596227
512,511,0,-0.6897295117378235,8.916508674621582,3.6540892124176025,0.2599547688422835
513,512,0,-0.6237574815750122,4.316401958465576,3.688772439956665,0.31186432893170546
514,513,0,-0.4291214942932129,1.1946278810501099,3.631547689437866,0.28198944362464384
515,514,0,-0.5972802042961121,0.7028519511222839,3.5484304428100586,0.2542564088230686
516,515,0,-0.4304928481578827,1.7541078329086304,3.557265281677246,0.31029367734500746
517,516,0,-1.2674108743667603,0.06328579783439636,3.6015381813049316,0.21404582799107988
518,517,0,-0.3572458028793335,-1.0436378717422485,3.6806178092956543,0.3627028856559624
519,518,0,-0.5809042453765869,-1.2652125358581543,3.677506923675537,0.5629395038731843
520,519,0,-1.0994210243225098,-2.9900248050689697,3.5904698371887207,0.40301438481949586
521,520,0,-1.3695653676986694,-3.1081953048706055,3.5335569381713867,0.2100560956294241
522,521,0,-0.8029347658157349,-1.9081850051879883,3.4877688884735107,0.26621407019170357
523,522,0,-0.6936454772949219,0.4022563695907593,3.5411040782928467,0.24144002364055486
524,523,0,-1.2468469142913818,2.8562545776367188,3.5897202491760254,0.28786906543753665
525,524,0,-0.9488010406494141,4.653584957122803,3.5836892127990723,0.2987262467909981
526,525,0,-0.9076660871505737,7.52319860458374,3.5231709480285645,0.3663327196080954
527,526,0,-1.117724895477295,8.634967803955078,3.5363619327545166,0.28289568446563723
528,527,0,-0.5359187126159668,2.3808510303497314,3.579563856124878,0.35053423570162895
529,528,0,-0.7474849820137024,-1.4791417121887207,3.6103715896606445,0.27703517348025525
530,529,0,-0.3545286953449249,-2.343250036239624,3.693854808807373,0.41429240571724546
531,530,0,-0.61279296875,-4.596487998962402,3.6766135692596436,0.33700340935720163
532,531,0,-1.4845701456069946,-5.680647373199463,3.6424241065979004,0.3717079156146436
533,532,0,-0.6331415176391602,-5.211606502532959,3.596676826477051,0.28541352431467637
534,533,0,0.13742294907569885,-2.985722303390503,3.5514612197875977,0.31312447541910154
535,534,0,0.10639838874340057,3.1085803508758545,3.508192539215088,0.23955587576419793
536,535,0,-1.085414171218872,9.065171241760254,3.525468587875366,0.3279484592953657
537,536,0,-1.2772586345672607,11.520833015441895,3.583932399749756,0.3596206618546564
538,537,0,-1.0604710578918457,7.9004435539245605,3.638424873352051,0.21727967808719326
539,538,0,-1.257128119468689,6.23375940322876,3.6505398750305176,0.2697604576674404
540,539,0,-0.7397159337997437,5.1882548332214355,3.665649652481079,0.4055648594203411
541,540,0,-0.7957836985588074,3.375818967819214,3.6372530460357666,0.26928498640394166
542,541,0,-0.4670488238334656,2.045766830444336,3.6483285427093506,0.34179016144801005
543,542,0,-0.742651641368866,0.19518375396728516,3.6999130249023438,0.2851255994024987
544,543,0,-0.4895000755786896,-2.035337448120117,3.720486879348755,0.3100630147366991
545,544,0,-0.7601692080497742,-4.732088565826416,3.672647714614868,0.2866201523828625
546,545,0,-1.2471537590026855,-7.133554935455322,3.6368613243103027,0.2650703067763251
547,546,0,-2.5521111488342285,-7.502560138702393,3.595200300216675,0.268866737115593
548,547,0,0.22465991973876953,-4.511010646820068,3.574976682662964,0.27814721352498933
549,548,0,-0.12650594115257263,-0.6024556159973145,3.5443904399871826,0.23367420304840236
550,549,0,-0.38225167989730835,5.365005970001221,3.538132429122925,0.43058008207027415
551,550,0,-1.0978673696517944,14.954460144042969,3.4998726844787598,0.2086663510522907
552,551,0,-0.12912237644195557,7.464391708374023,3.604332447052002,0.2495189594329604
553,552,0,-1.0228921175003052,5.958409786224365,3.5793566703796387,0.27740927869163406
554,553,0,-0.20666000247001648,2.295933961868286,3.592874050140381,0.24893741428528923
555,554,0,-0.3228367865085602,2.0829873085021973,3.6013128757476807,0.28180951225037854
556,555,0,-0.5228251218795776,2.145256757736206,3.62817645072937,0.40013586666806394
557,556,0,-0.5587469339370728,1.2213572263717651,3.6869864463806152,0.3008480391983958
558,557,0,-0.43553557991981506,-1.095777153968811,3.7055890560150146,0.3924364437969563
559,558,0,-1.0014985799789429,-4.083441257476807,3.6525309085845947,0.3580926481883581
560,559,0,-0.37619662284851074,-5.570820331573486,3.600968599319458,0.2624535953589915
561,560,0,-0.7206383943557739,-4.658222198486328,3.620439052581787,0.2842947678070303
562,561,0,-0.3888847827911377,-2.6946067810058594,3.6389691829681396,0.34092552387651504
563,562,0,-0.23765257000923157,-1.812687873840332,3.5874240398406982,0.37748383132985985
564,563,0,-0.4177938997745514,0.4438808262348175,3.583432197570801,0.28925613953632656
565,564,0,-0.7388951778411865,4.147403717041016,3.5140953063964844,0.41837732949128004
566,565,0,-1.2429925203323364,10.025307655334473,3.5149152278900146,0.3229290743445549
567,566,0,-0.5582984089851379,5.455751419067383,3.5778756141662598,0.40624685643714437
568,567,0,-0.7102867364883423,3.2802276611328125,3.5869529247283936,0.2526652535882385
569,568,0,-0.6270459890365601,3.8827712535858154,3.6204638481140137,0.34642856958594637
570,569,0,-0.3330380916595459,0.012090166099369526,3.6148598194122314,0.2588556751157766
571,570,0,-0.34092143177986145,-1.8286157846450806,3.6300432682037354,0.2293840520179835
572,571,0,-0.4802790582180023,-2.4580447673797607,3.587907075881958,0.364614989414282
573,572,0,-1.0527145862579346,-3.3419344425201416,3.5797271728515625,0.3445881646122964
574,573,0,-0.24458417296409607,-2.3226490020751953,3.5865190029144287,0.3133082370032514
575,574,0,-0.31241872906684875,-0.9276203513145447,3.5766823291778564,0.29234401184839154
576,575,0,-0.4765322208404541,1.1979206800460815,3.59635329246521,0.3182747089111053
577,576,0,-0.4847473204135895,2.580254316329956,3.5746254920959473,0.3285911628376231
578,577,0,-0.5714410543441772,6.207739353179932,3.5885403156280518,0.4211951216506035
579,578,0,-0.9532574415206909,6.645473003387451,3.5707321166992188,0.2022538612242717
580,579,0,-0.8586131930351257,6.852306365966797,3.6223690509796143,0.3627557117845162
581,580,0,-0.9701117873191833,8.374250411987305,3.6522340774536133,0.4279671762321306
582,581,0,0.07314431667327881,3.427471160888672,3.684203863143921,0.299190429691101
583,582,0,-0.5260502696037292,0.7245855331420898,3.700899124145508,0.3187357030529563
584,583,0,-0.5059415102005005,-1.1966185569763184,3.6836130619049072,0.2179417238494092
585,584,0,-0.7144035696983337,-4.067446708679199,3.6666512489318848,0.21922099723172572
586,585,0,-0.8762992024421692,-5.826948642730713,3.647536039352417,0.35971199933895576
587,586,0,-0.8660255670547485,-6.80292272567749,3.65500545501709,0.3041078052143402
588,587,0,-0.5125429034233093,-6.7582783699035645,3.6098878383636475,0.4836968915531104
589,588,0,-1.1462701559066772,-5.832042694091797,3.552938222885132,0.2723548013603676
590,589,0,-0.07508102059364319,-2.9259281158447266,3.4956178665161133,0.20228115475037764
591,590,0,-0.35331329703330994,2.195950746536255,3.505563259124756,0.2614910317161047
592,591,0,-0.7616328597068787,7.391185760498047,3.509437084197998,0.24705062753716345
593,592,0,-1.3325879573822021,10.774958610534668,3.5356783866882324,0.36926735328889665
594,593,0,-1.029143214225769,9.010519981384277,3.6110589504241943,0.2911260063534679
595,594,0,-1.198154330253601,9.040030479431152,3.5649571418762207,0.4194905643438114
596,595,0,-0.7112582921981812,6.646930694580078,3.5910959243774414,0.2021529383630459
597,596,0,-0.47028547525405884,4.627039432525635,3.6353859901428223,0.4175336580047259
598,597,0,-0.5741324424743652,1.1373308897018433,3.6843817234039307,0.3501919716698921
599,598,0,-0.668432891368866,-2.2216432094573975,3.7315926551818848,0.3507962817334735
600,599,0,-1.1403273344039917,-6.695326328277588,3.6771368980407715,0.2061726659175458
601,600,0,-0.827001690864563,-8.7752103805542,3.6231067180633545,0.2701097265661089
602,601,0,-0.8512526750564575,-6.773557662963867,3.592139959335327,0.2731767665570492
603,602,0,-1.013145089149475,-5.057140350341797,3.6052393913269043,0.4617690337562245
604,603,0,0.09927552938461304,0.25784561038017273,3.5642101764678955,0.31741789219080996
605,604,0,-0.38667944073677063,7.2088189125061035,3.529688596725464,0.1890293562563766
606,605,0,-1.207443356513977,13.927334785461426,3.494328498840332,0.3360904823814308
607,606,0,-0.5464166402816772,7.886193752288818,3.573392391204834,0.19407614399002296
608,607,0,-0.9411306381225586,5.943787097930908,3.637354612350464,0.3922088003020676
609,608,0,-0.4400413930416107,5.325781345367432,3.6445229053497314,0.35350515605792804
610,609,0,-0.43829676508903503,4.04791784286499,3.6505539417266846,0.26581431331507227
611,610,0,-0.3241613507270813,-0.043581604957580566,3.6666452884674072,0.2951448951463895
612,611,0,-0.7735591530799866,-4.382227420806885,3.7047171592712402,0.31713605997803923
613,612,0,-0.9512346386909485,-8.509886741638184,3.6864726543426514,0.40136950679854233
614,613,0,-1.0493569374084473,-10.34984302520752,3.6621828079223633,0.34361162326395345
615,614,0,-0.6178042888641357,-7.750891208648682,3.5726020336151123,0.3440497646015963
616,615,0,-0.5950745344161987,-3.428217887878418,3.534355640411377,0.3721197908269776
617,616,0,0.4147968292236328,2.6229517459869385,3.5022759437561035,0.2869073302525393
618,617,0,-0.49299371242523193,11.390045166015625,3.538750171661377,0.2537172652478635
619,618,0,-0.704016387462616,10.143296241760254,3.570225954055786,0.2800118221960268
620,619,0,-1.5172061920166016,10.605159759521484,3.600618362426758,0.19251341105667938
621,620,0,-0.1600704789161682,5.318272113800049,3.6027204990386963,0.24548405123791017
622,621,0,-0.2894092798233032,6.185958385467529,3.559455394744873,0.3092283423738032
623,622,0,-0.3263203203678131,5.322022438049316,3.605684757232666,0.24335725834242494
624,623,0,-0.13781940937042236,2.714019775390625,3.7010889053344727,0.4950345965606613
625,624,0,-0.4778798520565033,-1.2108780145645142,3.7332534790039062,0.3777527075821318
626,625,0,-0.667624294757843,-5.006118297576904,3.727433443069458,0.32696616974995374
627,626,0,-1.2784271240234375,-8.604801177978516,3.6233887672424316,0.2935372413847512
628,627,0,-0.5120918154716492,-8.183453559875488,3.5591564178466797,0.3241960873066109
629,628,0,-0.4651379883289337,-5.110126972198486,3.5728182792663574,0.26742317313920044
630,629,0,-0.029183700680732727,-1.7935930490493774,3.61879301071167,0.3656685106042716
631,630,0,0.00023481249809265137,2.082056760787964,3.5772204399108887,0.4954097614931356
632,631,0,-0.6066715717315674,8.679237365722656,3.5480101108551025,0.3576756474788098
633,632,0,-1.1318436861038208,11.739161491394043,3.5597503185272217,0.38540159442336336
634,633,0,-0.8171348571777344,8.92313003540039,3.5327227115631104,0.29441713548369813
635,634,0,-0.5313644409179688,5.364628314971924,3.6172337532043457,0.22290959735792273
636,635,0,-0.31859689950942993,3.0870425701141357,3.6686148643493652,0.31281118212910997
637,636,0,-0.32327693700790405,1.045385479927063,3.7012269496917725,0.38594332838238693
638,637,0,-0.17295986413955688,-0.17624008655548096,3.6862337589263916,0.3442760482968123
639,638,0,-0.5538673996925354,-1.819505214691162,3.66202449798584,0.25055428025488236
640,639,0,-0.7015269994735718,-4.263175010681152,3.625084161758423,0.2531538135289866
641,640,0,-0.6482800245285034,-5.2909016609191895,3.635955810546875,0.38538015675285214
642,641,0,-0.3164474368095398,-3.9894869327545166,3.6701903343200684,0.36217313041154414
643,642,0,-0.05170168727636337,-3.783583879470825,3.608393669128418,0.2168436552784383
644,643,0,-0.24081602692604065,-2.0359690189361572,3.530796527862549,0.2438876937698052
645,644,0,-0.45649898052215576,2.698410987854004,3.535184144973755,0.17930391385483382
646,645,0,-0.7860937714576721,10.09138011932373,3.5529367923736572,0.3016473682684134
647,646,0,0.02059805393218994,6.597345352172852,3.6221463680267334,0.5012170646464038
648,647,0,-1.088862419128418,5.513705730438232,3.6549665927886963,0.37427914289892855
649,648,0,-0.364184707403183,3.553607225418091,3.6182827949523926,0.3684400279038649
650,649,0,-0.5069764852523804,5.338850498199463,3.5610225200653076,0.2529803876606783
651,650,0,-0.519856870174408,4.8491082191467285,3.5980212688446045,0.3155715091678537
652,651,0,-0.2697019577026367,4.231287956237793,3.690725564956665,0.3957832487540827
653,652,0,-0.1827080100774765,1.018020510673523,3.766789674758911,0.3421772225004684
654,653,0,-0.783160388469696,-2.6913535594940186,3.724600076675415,0.3515683412185496
655,654,0,-0.9243873357772827,-7.061137676239014,3.627228260040283,0.2919609597294714
656,655,0,-1.0244591236114502,-7.8040313720703125,3.6068477630615234,0.37782759098182667
657,656,0,-0.11358648538589478,-5.360752105712891,3.6106042861938477,0.3503409198173903
658,657,0,0.30081528425216675,-3.0142180919647217,3.6139819622039795,0.48367459407933894
659,658,0,0.01419493556022644,1.141610026359558,3.59667706489563,0.4242858620511419
660,659,0,-0.42832159996032715,6.7732253074646,3.5385820865631104,0.2863823747417131
661,660,0,-0.8034803867340088,11.214138984680176,3.511615514755249,0.26497797951132357
662,661,0,-0.7213534712791443,9.805130958557129,3.5054845809936523,0.2184560525820698
663,662,0,-0.6417915225028992,7.365601062774658,3.6179747581481934,0.33238153374713014
664,663,0,-0.15699587762355804,3.3649861812591553,3.690016031265259,0.4557876039581216
665,664,0,-0.3894888162612915,1.5363779067993164,3.716588020324707,0.4922564540714694
666,665,0,-0.1896146535873413,-0.02063571847975254,3.6410953998565674,0.3702175638706593
667,666,0,-0.07140341401100159,-1.6531540155410767,3.589276075363159,0.3418974823395397
668,667,0,-0.5123249292373657,-2.174846887588501,3.6142189502716064,0.29828008709954884
669,668,0,-0.5648683905601501,-4.716562271118164,3.6261422634124756,0.28521902029962004
670,669,0,-0.5392053723335266,-5.763366222381592,3.6937568187713623,0.41160139595070344
671,670,0,-0.39227163791656494,-7.083990573883057,3.6312825679779053,0.41153788350618553
672,671,0,-0.00817754864692688,-6.605580806732178,3.564222812652588,0.30460898897558336
673,672,0,0.028877396136522293,-3.5304203033447266,3.466703176498413,0.30644138624061273
674,673,0,-6.630271673202515e-05,3.3133602142333984,3.440438747406006,0.24541882155878814
675,674,0,-0.507553219795227,11.397318840026855,3.52433180809021,0.3568680497719794
676,675,0,-0.47299498319625854,8.569392204284668,3.611957550048828,0.26854227698540045
677,676,0,-0.9623132944107056,5.092726230621338,3.607039451599121,0.3010486422300072
678,677,0,-0.6222749352455139,3.4827518463134766,3.5619633197784424,0.2929983843460147
679,678,0,-0.6583366394042969,5.6215033531188965,3.4821715354919434,0.2126055970536244
680,679,0,-0.8663700222969055,9.813762664794922,3.5385231971740723,0.2325062431499744
681,680,0,0.21291443705558777,2.806939125061035,3.7077670097351074,0.4345226568871694
682,681,0,-0.7857220768928528,-0.36412933468818665,3.7640960216522217,0.37365148075863325
683,682,0,-0.5288307666778564,-4.17956018447876,3.660149574279785,0.19190488086891075
684,683,0,-0.4634856581687927,-6.193933010101318,3.5394248962402344,0.23499212436229952
685,684,0,-1.2173492908477783,-5.851884365081787,3.504138231277466,0.41174684137999784
686,685,0,0.028064310550689697,-2.807239294052124,3.5288729667663574,0.28701088048515044
687,686,0,-0.004455754533410072,0.6659025549888611,3.589761257171631,0.3377916366016156
688,687,0,-0.15768380463123322,7.357827663421631,3.6202759742736816,0.4672623059398371
689,688,0,-1.1637738943099976,12.744236946105957,3.6217639446258545,0.4356192798281646
690,689,0,-0.3963742256164551,7.387919902801514,3.6370248794555664,0.31029824323286975
691,690,0,-1.0318492650985718,7.462499141693115,3.594346284866333,0.19982158442720035
692,691,0,-0.7588132619857788,9.706138610839844,3.599982500076294,0.423356226151754
693,692,0,0.22704929113388062,4.899409770965576,3.674865484237671,0.3157429402057292
694,693,0,0.14491517841815948,-1.6168135404586792,3.7216696739196777,0.3130220260716608
695,694,0,-1.0587531328201294,-6.82616662979126,3.7107067108154297,0.2514524063791879
696,695,0,-0.6481211185455322,-10.10978889465332,3.687429428100586,0.30158952086958046
697,696,0,-0.46150973439216614,-10.613709449768066,3.634371519088745,0.17501948744472132
698,697,0,-0.9744579792022705,-10.049797058105469,3.580059289932251,0.2324386411562965
699,698,0,0.2724064290523529,-6.650959014892578,3.533278226852417,0.38327340724856357
700,699,0,0.8472467064857483,-2.6049444675445557,3.5090982913970947,0.29462290461980717
701,700,0,0.14288759231567383,2.981515884399414,3.458250045776367,0.2667007961787723
702,701,0,-0.6940041184425354,12.828848838806152,3.461329221725464,0.356846196931705
703,702,0,-1.307178020477295,14.341765403747559,3.5366787910461426,0.26891289837078064
704,703,0,-0.3095369338989258,5.441122531890869,3.5967414379119873,0.41884230998216204
705,704,0,-0.9186510443687439,3.510390520095825,3.632107973098755,0.21059470855543916
706,705,0,-0.5568640828132629,5.154598236083984,3.5813238620758057,0.30888190523213255
707,706,0,-0.46104684472084045,7.873565196990967,3.5425217151641846,0.19766714315419295
708,707,0,-0.25151681900024414,6.5224528312683105,3.590911388397217,0.2638909929428973
709,708,0,-0.03884657472372055,5.914082050323486,3.667996406555176,0.4143196645763334
710,709,0,0.46636834740638733,-0.22230641543865204,3.734572410583496,0.49926105778396984
711,710,0,-0.3310973644256592,-4.438827991485596,3.738753318786621,0.422037338107404
712,711,0,-1.0131876468658447,-9.04179573059082,3.6673648357391357,0.32712969155533783
713,712,0,-0.29818058013916016,-10.175972938537598,3.5820586681365967,0.32761083735521435
714,713,0,0.37696582078933716,-7.191370487213135,3.5555615425109863,0.274247703015513
715,714,0,0.37111547589302063,-4.8089919090271,3.531101942062378,0.22805051823229852
716,715,0,0.5367066860198975,-2.2296273708343506,3.563459873199463,0.5536348370572814
717,716,0,0.09062722325325012,0.8334963917732239,3.565223217010498,0.21762688790517357
718,717,0,-0.26309698820114136,6.161313533782959,3.5503087043762207,0.3117463449223348
719,718,0,-1.0658245086669922,13.227951049804688,3.543680429458618,0.3902084881176818
720,719,0,0.36624646186828613,5.115034580230713,3.610346555709839,0.2421769201027839
721,720,0,-0.5508775115013123,4.493845462799072,3.567589044570923,0.23520814171369442
722,721,0,-0.4250319302082062,6.631906509399414,3.565014362335205,0.280074606683914
723,722,0,-0.351349800825119,8.364134788513184,3.579549789428711,0.20926580573567635
724,723,0,-0.1333576738834381,7.108757495880127,3.649310350418091,0.305590630327616
725,724,0,0.009201101958751678,4.068192005157471,3.714691638946533,0.30701678393941145
726,725,0,-0.1878281533718109,1.1113232374191284,3.7416393756866455,0.3318200247985292
727,726,0,-0.18571758270263672,-1.8274587392807007,3.6979222297668457,0.35727598692062856
728,727,0,-0.30066725611686707,-4.393495559692383,3.67073392868042,0.24586383968875705
729,728,0,-0.9225144982337952,-6.628062725067139,3.6460344791412354,0.3219925895532166
730,729,0,-0.5484156012535095,-7.8884148597717285,3.6651294231414795,0.35952804684564055
731,730,0,-0.0076940543949604034,-7.970333099365234,3.652947187423706,0.5000817603607527
732,731,0,0.6402952075004578,-5.584747314453125,3.634389877319336,0.29980291133341863
733,732,0,0.36829161643981934,-3.7384707927703857,3.561840534210205,0.23986037091426934
734,733,0,0.19887103140354156,-0.39691153168678284,3.5126283168792725,0.25177281573695764
735,734,0,-0.22358259558677673,5.051171779632568,3.5053775310516357,0.2587202802738961
736,735,0,-1.0697124004364014,12.735095024108887,3.4914000034332275,0.31087875854146985
737,736,0,-1.0015838146209717,10.860726356506348,3.596449136734009,0.3034279936951729
738,737,0,0.263771653175354,3.390315055847168,3.618720054626465,0.3087613993668497
739,738,0,-0.6342840790748596,2.206299066543579,3.615438461303711,0.3674853127216482
740,739,0,-0.21538043022155762,2.4965667724609375,3.5637099742889404,0.19816130162748546
741,740,0,-0.7935411930084229,3.312023162841797,3.567392587661743,0.2387815156455516
742,741,0,-0.5815696716308594,0.9264764785766602,3.639798164367676,0.3180398751001366
743,742,0,-0.19830459356307983,-0.05777027830481529,3.680206298828125,0.42272543006368085
744,743,0,-0.23472753167152405,-0.6448643803596497,3.6997783184051514,0.43333660093485515
745,744,0,-0.4612562954425812,-1.373236060142517,3.6421566009521484,0.2856378350372271
746,745,0,-0.25127798318862915,-1.4168530702590942,3.560802459716797,0.35015772693161146
747,746,0,-0.3862994313240051,-0.4712221622467041,3.5542662143707275,0.32981587371100907
748,747,0,-0.44168713688850403,-1.2831429243087769,3.583498954772949,0.1302101734210787
749,748,0,-0.26582327485084534,-1.4182475805282593,3.6290102005004883,0.3779908502832609
750,749,0,-0.3330276608467102,-0.2090865969657898,3.6408042907714844,0.42535083027414905
751,750,0,-0.6048706769943237,0.2972950041294098,3.580437183380127,0.21217459709552733
752,751,0,-0.46381229162216187,3.745959520339966,3.5656418800354004,0.3195509069268792
753,752,0,-1.0335596799850464,3.5602333545684814,3.588592290878296,0.37546448425096085
754,753,0,-0.6677386164665222,3.8891050815582275,3.610077142715454,0.2704813317223023
755,754,0,-0.4913022518157959,5.025953769683838,3.652024984359741,0.4846642399399434
756,755,0,-0.5218678116798401,4.118463039398193,3.6408770084381104,0.25425743661255396
757,756,0,-0.33515846729278564,3.1619713306427,3.612515926361084,0.2557846390799533
758,757,0,-0.3730292320251465,4.345493793487549,3.6429927349090576,0.33551647959752806
759,758,0,-0.20354998111724854,2.8833324909210205,3.682765245437622,0.37736801932246894
760,759,0,-0.3488081097602844,0.5747100710868835,3.726912260055542,0.4239012774134616
761,760,0,-0.32277750968933105,-1.2537511587142944,3.675821304321289,0.2650238635891066
762,761,0,-0.6084292531013489,-2.6657776832580566,3.618959665298462,0.37040644976323805
763,762,0,-0.8126807808876038,-4.526635646820068,3.608639717102051,0.23014296073594345
764,763,0,-0.48380526900291443,-5.121962070465088,3.640519380569458,0.4588224331202062
765,764,0,-0.4998691976070404,-5.2989501953125,3.6379146575927734,0.4182358728846746
766,765,0,-0.1641281247138977,-4.447347164154053,3.5902111530303955,0.22717064938977702
767,766,0,0.08652660250663757,-1.4742227792739868,3.543649673461914,0.2676023633484977
768,767,0,-0.43551427125930786,2.9999172687530518,3.4992666244506836,0.2662523557780602
769,768,0,-0.7444401979446411,9.917518615722656,3.5280051231384277,0.33283566883253884
770,769,0,-0.7700854539871216,9.96884822845459,3.592306137084961,0.24781148991342153
771,770,0,-0.9423580169677734,7.7260003089904785,3.633924722671509,0.30577388541175843
772,771,0,-0.4012710750102997,4.870633602142334,3.6082427501678467,0.29161688328825214
773,772,0,-0.46136122941970825,3.559401273727417,3.6093785762786865,0.2741027038394877
774,773,0,-0.6283832788467407,1.6997075080871582,3.6387953758239746,0.3176974730723366
775,774,0,-0.49469709396362305,-0.1034461036324501,3.696709394454956,0.33769172630843314
776,775,0,-0.5876273512840271,-2.53908634185791,3.6881163120269775,0.3057195581621786
777,776,0,-0.7110855579376221,-5.279592990875244,3.6416563987731934,0.34422250439170515
778,777,0,-0.6545678377151489,-4.8163580894470215,3.6418285369873047,0.1416808086212659
779,778,0,-0.3216588795185089,-4.756584167480469,3.5994489192962646,0.3246897258795813
780,779,0,-0.2317381203174591,-3.336656332015991,3.6055984497070312,0.37239372182070013
781,780,0,-0.23510241508483887,-0.9249258041381836,3.5286848545074463,0.22368387291349748
782,781,0,-0.31042689085006714,4.064722061157227,3.5039656162261963,0.20294088431815716
783,782,0,-0.6254499554634094,10.643294334411621,3.555919647216797,0.25306168094201037
784,783,0,-0.5675618052482605,9.4840087890625,3.6468749046325684,0.29772974849116957
785,784,0,-0.7716724872589111,5.624687194824219,3.6324429512023926,0.22583621168623888
786,785,0,-0.28131103515625,2.52021861076355,3.607513666152954,0.3674212798479932
787,786,0,-0.41723209619522095,1.7093309164047241,3.564934015274048,0.2641523149127976
788,787,0,-0.46220940351486206,1.7125710248947144,3.6250460147857666,0.24047337966486992
789,788,0,-0.31220826506614685,-0.341206818819046,3.706418514251709,0.5216277695612294
790,789,0,-0.38493287563323975,-3.2523746490478516,3.739187240600586,0.34072923283049533
791,790,0,-0.2801532745361328,-5.546395778656006,3.6749050617218018,0.1994738000266568
792,791,0,-0.17698340117931366,-6.900996685028076,3.5385847091674805,0.2394415565441789
793,792,0,0.1950494647026062,-2.746253252029419,3.49704909324646,0.37986583133341645
794,793,0,-0.05712280794978142,3.0519802570343018,3.5655672550201416,0.28782268774431397
795,794,0,-0.15391850471496582,7.819280624389648,3.6251847743988037,0.34066342230378677
796,795,0,-1.1157560348510742,12.588360786437988,3.683373212814331,0.33115519653740416
797,796,0,0.4115809202194214,3.5401229858398438,3.6775474548339844,0.36128718741455107
798,797,0,-0.36703604459762573,2.0119616985321045,3.6098268032073975,0.2571641248092552
799,798,0,-0.15406259894371033,1.760305404663086,3.614163637161255,0.35532946953094835
800,799,0,-0.16777370870113373,0.5199553966522217,3.63533616065979,0.29729132417043913
801,800,0,-0.24945960938930511,-0.5256784558296204,3.685382843017578,0.42542646853175575
802,801,0,-0.3583451211452484,-2.1923325061798096,3.6766598224639893,0.49973590143870045
803,802,0,-0.1906164139509201,-3.132166624069214,3.626236915588379,0.23285474345135507
804,803,0,-0.2003297209739685,-3.270857572555542,3.5696377754211426,0.22980394459761433
805,804,0,-0.6393678188323975,-2.8816213607788086,3.5432140827178955,0.32144772870056854
806,805,0,-0.17088833451271057,-1.3860212564468384,3.591580867767334,0.4019347680819771
807,806,0,-0.027858853340148926,1.28550386428833,3.6415915489196777,0.4115053310314816
808,807,0,-0.24712637066841125,4.261785984039307,3.6370787620544434,0.4573008823539067
809,808,0,-0.6616377234458923,7.231199741363525,3.590540647506714,0.28534786702352954
810,809,0,-0.5090934634208679,7.141660690307617,3.548689603805542,0.26188001105342357
811,810,0,-0.23308628797531128,3.98574161529541,3.577312707901001,0.2621076777518167
812,811,0,-0.31331127882003784,4.675321578979492,3.6409060955047607,0.3143456151425003
813,812,0,-0.4194428324699402,1.3092783689498901,3.6961026191711426,0.3262116726324942
814,813,0,-0.6059151887893677,-1.1233936548233032,3.6777799129486084,0.33807462036259767
815,814,0,-0.562135636806488,-2.1269590854644775,3.6095147132873535,0.26895012910137756
816,815,0,-0.5630725622177124,-1.6402403116226196,3.596325397491455,0.27325178576830994
817,816,0,-0.1734250783920288,-1.5364938974380493,3.638291835784912,0.17892420516884533
818,817,0,-0.20153234899044037,-0.5549935698509216,3.641078472137451,0.35069245756179307
819,818,0,-0.26400232315063477,0.8964598774909973,3.633808135986328,0.2231040935463073
820,819,0,-0.3990509510040283,1.4322915077209473,3.5569632053375244,0.2690465980250631
821,820,0,-0.6263746619224548,3.5501089096069336,3.5613272190093994,0.3046168719009112
822,821,0,-0.6021010875701904,3.4596002101898193,3.6262383460998535,0.3559559184452536
823,822,0,-0.549385666847229,4.0006561279296875,3.665698528289795,0.291062500209768
824,823,0,-0.20563939213752747,2.4819233417510986,3.667847156524658,0.24610765325465755
825,824,0,-0.3291817307472229,2.771421432495117,3.6109282970428467,0.2357748603396712
826,825,0,-0.4459708333015442,3.6823298931121826,3.5950024127960205,0.2556786158881666
827,826,0,-0.1927230954170227,1.2514463663101196,3.6435792446136475,0.24509667587254427
828,827,0,-0.2541479170322418,-0.7946376204490662,3.689786195755005,0.29228203522147217
829,828,0,-0.417463481426239,-2.861506700515747,3.667555332183838,0.2700597721763931
830,829,0,-0.4604489207267761,-4.170515060424805,3.6227316856384277,0.22218054863976977
831,830,0,-0.3208574950695038,-4.704007625579834,3.594189167022705,0.18448235782567132
832,831,0,-0.4486538767814636,-4.1871819496154785,3.6035149097442627,0.3981830828776089
833,832,0,-0.15314631164073944,-1.4185500144958496,3.6071486473083496,0.3192790077929907
834,833,0,-0.07747391611337662,2.814772844314575,3.572680950164795,0.2711942646660333
835,834,0,-0.4898081123828888,7.7252984046936035,3.532817840576172,0.26366417413087134
836,835,0,-0.6983075737953186,9.036864280700684,3.559469223022461,0.24887116193938583
837,836,0,-0.6317515969276428,6.958280086517334,3.6111578941345215,0.19578439362776692
838,837,0,0.1470598578453064,0.3995351493358612,3.6291778087615967,0.3190916287688208
839,838,0,-0.3169344961643219,-2.454554796218872,3.625182867050171,0.2124958108282369
840,839,0,-0.3639315366744995,-3.4428083896636963,3.6154983043670654,0.2526995627766922
841,840,0,-0.46323031187057495,-3.5307838916778564,3.628504753112793,0.3199827978009988
842,841,0,-0.12172318994998932,-3.6123626232147217,3.634575366973877,0.24484836874983693
843,842,0,-0.08793812245130539,-2.5497047901153564,3.593670606613159,0.30310099641378035
844,843,0,-0.2061883509159088,0.03042236901819706,3.5489795207977295,0.2779367214444144
845,844,0,-0.3585066795349121,3.914062738418579,3.527099370956421,0.2686933710183055
846,845,0,-0.4141118824481964,8.260570526123047,3.5966436862945557,0.25000207019915927
847,846,0,-0.39573144912719727,6.549147129058838,3.6408870220184326,0.2933718899162851
848,847,0,-0.27407142519950867,1.6082817316055298,3.6359267234802246,0.1956456032492353
849,848,0,-0.23337632417678833,0.07882619649171829,3.6187829971313477,0.304751638496368
850,849,0,-0.2891800105571747,0.04654049873352051,3.604013442993164,0.23179100321086257
851,850,0,-0.15838728845119476,0.5745378136634827,3.635021209716797,0.3271039328452588
852,851,0,-0.37558436393737793,0.3302667438983917,3.6600186824798584,0.36459457161056213
853,852,0,-0.5285139083862305,-0.4710187613964081,3.6508748531341553,0.3998406336586661
854,853,0,-0.5945478081703186,-0.7076525688171387,3.615593671798706,0.1910736483445985
855,854,0,-0.21913635730743408,-1.000210165977478,3.581106185913086,0.19996547949284227
856,855,0,-0.20782296359539032,0.931926429271698,3.621049642562866,0.3617618418645748
857,856,0,-0.4294368028640747,2.2719573974609375,3.6408257484436035,0.2989406003279011
858,857,0,-0.4470767676830292,3.809758424758911,3.6173970699310303,0.27060230224541576
859,858,0,-0.3295900821685791,5.534925937652588,3.57462215423584,0.18589910318021322
860,859,0,-0.4098280668258667,5.270954608917236,3.590541124343872,0.2744282674471648
861,860,0,-0.17950546741485596,1.6231708526611328,3.654707908630371,0.30880524846975704
862,861,0,-0.512130618095398,-0.2713088393211365,3.678004264831543,0.3652279558745735
863,862,0,-0.3703199028968811,-2.4753258228302,3.626495361328125,0.23429166888320765
864,863,0,-0.517874002456665,-2.3474881649017334,3.6175169944763184,0.277237491471411
865,864,0,-0.29446837306022644,-2.061742067337036,3.6109750270843506,0.30835834000821605
866,865,0,-0.16355814039707184,-1.0547555685043335,3.6493871212005615,0.2099823590042448
867,866,0,-0.30614495277404785,0.29812321066856384,3.628654956817627,0.1124668533102229
868,867,0,-0.31383049488067627,2.1752161979675293,3.586599349975586,0.32316167652771366
869,868,0,-0.40634676814079285,5.97268533706665,3.569782257080078,0.38427302784170037
870,869,0,-0.537676215171814,7.502597808837891,3.598479747772217,0.35744291828230823
871,870,0,-0.35797780752182007,4.30747652053833,3.6679885387420654,0.2557563552444498
872,871,0,-0.5119971632957458,1.498235821723938,3.689666271209717,0.27733632460238056
873,872,0,-0.3223225176334381,-0.8714656829833984,3.6209263801574707,0.23450794574539024
874,873,0,-0.6057950258255005,-2.0560200214385986,3.621666431427002,0.28867775738915036
875,874,0,-0.26148536801338196,-3.5817291736602783,3.662241220474243,0.24033194653917492
876,875,0,-0.2640007734298706,-3.3756000995635986,3.6834421157836914,0.23598553145297477
877,876,0,-0.2881358861923218,-3.5900838375091553,3.637190580368042,0.25060071678714424
878,877,0,0.020829305052757263,-0.993812084197998,3.538910388946533,0.20716859082429642
879,878,0,-0.274397075176239,4.842866897583008,3.517676591873169,0.322478806437236
880,879,0,-0.607201337814331,6.96600866317749,3.5642404556274414,0.24112984437308516
881,880,0,-0.42803052067756653,6.1434197425842285,3.6466267108917236,0.24741350656534164
882,881,0,-0.24224771559238434,3.5091464519500732,3.6162474155426025,0.39762865879529175
883,882,0,-0.3627040982246399,2.8741607666015625,3.552818536758423,0.22900218481967696
884,883,0,-0.6131036281585693,2.8470399379730225,3.5866353511810303,0.26870056888983757
885,884,0,-0.3741530179977417,1.8714609146118164,3.652174949645996,0.29215000735981594
886,885,0,-0.33926334977149963,1.1944082975387573,3.7202584743499756,0.28859225056917076
887,886,0,-0.43406975269317627,-1.0973705053329468,3.7039031982421875,0.25441651757044287
888,887,0,-0.2942804992198944,-2.522172689437866,3.614229679107666,0.2710783590322761
889,888,0,-0.22816313803195953,-2.1814687252044678,3.5787084102630615,0.268406550195121
890,889,0,-0.2722989320755005,-2.268095016479492,3.6210248470306396,0.3637985040872949
891,890,0,-0.24218790233135223,-2.998131513595581,3.6569175720214844,0.24655943266816718
892,891,0,-0.07226745784282684,-3.2285044193267822,3.62825608253479,0.3077762877085441
893,892,0,-0.1282624900341034,-1.94137442111969,3.535397529602051,0.22403613196763925
894,893,0,-0.4391416311264038,2.218454122543335,3.5022501945495605,0.2899092651908719
895,894,0,-0.5220006704330444,6.5087151527404785,3.563551425933838,0.2912455212179099
896,895,0,-0.5747318267822266,10.30532455444336,3.6398258209228516,0.32019145486424283
897,896,0,0.18816876411437988,3.1653635501861572,3.675539970397949,0.25873143023732487
898,897,0,-0.4597087502479553,0.46356967091560364,3.6139771938323975,0.23613503666195057
899,898,0,-0.36536097526550293,1.6306205987930298,3.5636003017425537,0.2724308114512671
900,899,0,-0.3909657895565033,2.395169496536255,3.574784278869629,0.2580239082062745
901,900,0,-0.3271406292915344,1.276682734489441,3.66021728515625,0.4403003847062945
902,901,0,-0.3171990215778351,0.2896413803100586,3.7034473419189453,0.4647791450152859
903,902,0,-0.24078503251075745,-0.5531094074249268,3.6498947143554688,0.3758345682525855
904,903,0,-0.2532119154930115,-0.1765388697385788,3.5818088054656982,0.236625081857618
905,904,0,-0.23309989273548126,0.9505130648612976,3.542992115020752,0.21282439311539084
906,905,0,-0.3517627716064453,1.0036516189575195,3.6182758808135986,0.24284842881056168
907,906,0,-0.26897063851356506,0.9074417948722839,3.6621222496032715,0.5673631350201159
908,907,0,-0.36869633197784424,0.5215767025947571,3.6596481800079346,0.3325538203007505
909,908,0,-0.5045766830444336,0.37278807163238525,3.591343641281128,0.2967157170933418
910,909,0,-0.9074317812919617,1.9816995859146118,3.5294082164764404,0.21949946217591168
911,910,0,-0.1451178789138794,-0.6607876420021057,3.580691337585449,0.19067270460343402
912,911,0,-0.49064892530441284,-0.8340911865234375,3.634728193283081,0.2191728794974256
913,912,0,-0.4496167302131653,0.16813963651657104,3.6082916259765625,0.35714021593052037
914,913,0,-0.4795341491699219,1.2967787981033325,3.5469486713409424,0.2009201978085096
915,914,0,-0.7015817165374756,4.561587333679199,3.5259714126586914,0.33954155970697153
916,915,0,-0.6296846270561218,4.337085247039795,3.600132942199707,0.216531969582997
917,916,0,-0.0035152211785316467,4.70722770690918,3.648376226425171,0.21515504297821497
918,917,0,-0.39557206630706787,3.602050542831421,3.658118724822998,0.25951500785022125
919,918,0,-0.3387399911880493,3.125808000564575,3.6052439212799072,0.29766088808460184
920,919,0,-0.5996754169464111,1.7309414148330688,3.5918545722961426,0.22503929832639413
921,920,0,-0.6110868453979492,0.8071227669715881,3.649081230163574,0.38904242377246484
922,921,0,-0.2935420274734497,-2.5432980060577393,3.701202869415283,0.4371563142486412
923,922,0,-0.6334493160247803,-4.369819641113281,3.7075095176696777,0.37400823671029987
924,923,0,-0.2578015625476837,-5.616581439971924,3.6186861991882324,0.25605224214095673
925,924,0,0.04294168949127197,-1.9765342473983765,3.5248637199401855,0.30166571765556066
926,925,0,-0.3167990744113922,3.4665238857269287,3.518155097961426,0.30309287734155904
927,926,0,-0.23132812976837158,5.796266555786133,3.5885818004608154,0.30861871986978584
928,927,0,-0.4358905255794525,9.678020477294922,3.6402127742767334,0.39373045733740025
929,928,0,0.4396020174026489,1.7170395851135254,3.664255142211914,0.20804074761788857
930,929,0,-0.1326587200164795,-0.38503310084342957,3.6272029876708984,0.21262748185951677
931,930,0,-0.5604112148284912,-2.522646188735962,3.6014695167541504,0.32931040318488675
932,931,0,-0.4000086784362793,-3.478398084640503,3.594569206237793,0.20632015391155822
933,932,0,-0.6700854897499084,-4.348513126373291,3.624948501586914,0.3049777117015267
934,933,0,-0.3504103720188141,-3.546600103378296,3.628153085708618,0.26220116085973894
935,934,0,-0.15826337039470673,-1.0517109632492065,3.579637050628662,0.29161848408159735
936,935,0,-0.11241160333156586,3.0378072261810303,3.54773211479187,0.332364240472615
937,936,0,-0.38259562849998474,9.43846321105957,3.531665802001953,0.3211925754194795
938,937,0,-0.553014874458313,11.447578430175781,3.5955138206481934,0.17591705170433422
939,938,0,-0.2526080012321472,3.9576680660247803,3.6488733291625977,0.2689251494186912
940,939,0,-0.5946498513221741,1.1121875047683716,3.6473257541656494,0.26269809960779406
941,940,0,-0.2875218987464905,0.2510361969470978,3.599172353744507,0.20390584143207371
942,941,0,-0.5040939450263977,-0.03894377872347832,3.607018232345581,0.2483145117492861
943,942,0,-0.3733788728713989,-1.0895062685012817,3.6244232654571533,0.39825571066813253
944,943,0,-0.23230935633182526,-1.6774123907089233,3.672196388244629,0.4153274973703704
945,944,0,-0.20030498504638672,-2.772894859313965,3.663784980773926,0.1915321627461498
946,945,0,-0.12946084141731262,-2.6790008544921875,3.63438081741333,0.2604923969415625
947,946,0,0.12521299719810486,-0.7974622249603271,3.5748472213745117,0.3359435486154039
948,947,0,-0.12628018856048584,1.4628368616104126,3.5825095176696777,0.22006402143520887
949,948,0,-0.15540039539337158,3.9671642780303955,3.5986251831054688,0.23739880855798154
950,949,0,-0.36185353994369507,5.754798889160156,3.62022066116333,0.3863316986803047
951,950,0,-0.5007796287536621,4.962279796600342,3.6032726764678955,0.19600687152114485
952,951,0,-0.7600412964820862,5.733118534088135,3.6053225994110107,0.2957510924412865
953,952,0,-0.7662506103515625,4.485872745513916,3.6422336101531982,0.2675567431501165
954,953,0,-0.44783657789230347,-0.17493952810764313,3.682541847229004,0.3184254451708921
955,954,0,-0.6848102807998657,-3.614914655685425,3.6688873767852783,0.1462319041221243
956,955,0,-0.2533763349056244,-5.195080757141113,3.6336519718170166,0.13416723221715612
957,956,0,-0.3860732614994049,-6.364625453948975,3.607760429382324,0.3630784622419372
958,957,0,-0.08223457634449005,-5.8478217124938965,3.6110403537750244,0.3293080735140932
959,958,0,0.024980435147881508,-4.534307479858398,3.602449655532837,0.24228130203590448
960,959,0,0.00015934184193611145,-1.6106284856796265,3.5785162448883057,0.19317817035509863
961,960,0,-0.05880611017346382,2.946619987487793,3.5183560848236084,0.3250553676748817
962,961,0,-0.4601300060749054,11.44561767578125,3.4988064765930176,0.27531386680918146
963,962,0,-0.2146502137184143,7.167629241943359,3.582714319229126,0.19325527350238544
964,963,0,-0.7136175632476807,7.426506042480469,3.622906446456909,0.2858652590780637
965,964,0,-0.5315774083137512,6.444058895111084,3.5990254878997803,0.2522193879505489
966,965,0,-0.5778616666793823,6.612852573394775,3.608098030090332,0.271233021826852
967,966,0,-0.23375432193279266,6.622170925140381,3.6788618564605713,0.22745104178049372
968,967,0,0.06494356691837311,2.703481912612915,3.7235794067382812,0.32472138854196936
969,968,0,-0.3710481524467468,-0.4693673551082611,3.7405200004577637,0.31786612848186135
970,969,0,-0.4459928870201111,-4.512029647827148,3.676353931427002,0.2925657137418438
971,970,0,-0.8697318434715271,-7.294557094573975,3.6468346118927,0.20819273891480006
972,971,0,-0.1829005628824234,-6.919212818145752,3.647449016571045,0.19678827519586214
973,972,0,-0.2519455850124359,-5.708366394042969,3.644610643386841,0.244410097477498
974,973,0,0.03939281776547432,-3.8543050289154053,3.6151034832000732,0.27557880223487546
975,974,0,0.23554503917694092,-3.331456184387207,3.551184892654419,0.26106549840595394
976,975,0,-0.22206281125545502,-1.10409677028656,3.5227324962615967,0.2779964477248127
977,976,0,-0.24226069450378418,3.9244658946990967,3.5562727451324463,0.20882874393153505
978,977,0,-0.5211965441703796,9.675929069519043,3.5580203533172607,0.2500257697933918
979,978,0,-0.711207926273346,8.17395305633545,3.6116745471954346,0.3435985733499984
980,979,0,-0.4671391248703003,4.1994404792785645,3.606694459915161,0.35234767489917873
981,980,0,-0.47236061096191406,2.8391780853271484,3.5866003036499023,0.26798553914729256
982,981,0,-0.4468187391757965,4.302582740783691,3.58555269241333,0.22161080209095216
983,982,0,-0.2703842222690582,3.5964670181274414,3.6479382514953613,0.38145793893791335
984,983,0,-0.01933322846889496,1.986742377281189,3.7132577896118164,0.285864933260132
985,984,0,-0.45420539379119873,-0.7136892676353455,3.693248748779297,0.2624494366375636
986,985,0,-0.24822501838207245,-2.6890382766723633,3.601238250732422,0.2923072647784965
987,986,0,-0.8603938221931458,-3.6382482051849365,3.5819625854492188,0.2632581566098832
988,987,0,-0.15870577096939087,-2.94201397895813,3.643594264984131,0.25866414034628044
989,988,0,-0.0036980025470256805,-2.4307973384857178,3.656527280807495,0.300132168895456
990,989,0,-0.005687415599822998,-1.296321988105774,3.6518497467041016,0.18588259285259226
991,990,0,-0.20062340795993805,0.7830458283424377,3.5690786838531494,0.2621017853998984
992,991,0,-0.283583402633667,6.300290584564209,3.505082368850708,0.2545503487096465
993,992,0,-0.6561455726623535,7.90148401260376,3.5307223796844482,0.25840532324975257
994,993,0,-0.5223138332366943,7.203646183013916,3.6035804748535156,0.32153762165043637
995,994,0,-0.3803533911705017,3.852473497390747,3.6482222080230713,0.3525487416211623
996,995,0,-0.2330949604511261,2.0161783695220947,3.6361289024353027,0.2090550367219771
997,996,0,-0.23555469512939453,1.508033275604248,3.588679075241089,0.24174037967425124
998,997,0,-0.8571000099182129,0.4837295711040497,3.6168696880340576,0.38733302952435417
999,998,0,-0.31513121724128723,-2.521258592605591,3.683218002319336,0.4311539957973986
1000,999,0,-0.3393794000148773,-5.426567077636719,3.722862720489502,0.3100261446727311
1001,1000,0,-0.3393509089946747,-7.79815673828125,3.6624932289123535,0.32746308384310835
1002,1001,0,0.0652519091963768,-6.32915735244751,3.549504280090332,0.29262332231350435
1003,1002,0,0.179629385471344,-0.48329150676727295,3.4944844245910645,0.2522676503145801
1004,1003,0,-0.2636585533618927,8.135980606079102,3.5083401203155518,0.28143773890228535
1005,1004,0,-0.1551336646080017,7.131603240966797,3.6229941844940186,0.32135905005087956
1006,1005,0,-0.8261609077453613,9.382164001464844,3.6618542671203613,0.36562834297582975
1007,1006,0,-0.2029883861541748,4.686952590942383,3.620408535003662,0.2766496995471116
1008,1007,0,-0.29771900177001953,5.838115692138672,3.570960283279419,0.2219247088217836
1009,1008,0,-0.1426849663257599,3.9250519275665283,3.6050615310668945,0.2865334730319448
1010,1009,0,0.051149189472198486,3.0634937286376953,3.7143197059631348,0.22467594542345162
1011,1010,0,0.07013586163520813,2.2700164318084717,3.720956563949585,0.299568377185215
1012,1011,0,-0.24295178055763245,-0.7643110156059265,3.682462692260742,0.2948105166830102
1013,1012,0,-0.3245929479598999,-3.2683613300323486,3.597956418991089,0.23575876183060598
1014,1013,0,-0.7870534658432007,-4.426817417144775,3.6127727031707764,0.31231313412256095
1015,1014,0,-0.024645894765853882,-5.099656581878662,3.6485724449157715,0.2767210798033369
1016,1015,0,0.14879080653190613,-4.382427215576172,3.6844184398651123,0.4148365680615973
1017,1016,0,-0.10173849016427994,-3.5431668758392334,3.621319055557251,0.2860703360902797
1018,1017,0,-0.024523429572582245,-1.746987223625183,3.546990156173706,0.2635112950787775
1019,1018,0,-0.3510260581970215,2.6795103549957275,3.481966018676758,0.17669557636952438
1020,1019,0,-0.7190611362457275,7.708630084991455,3.505913734436035,0.1992683646376281
1021,1020,0,-0.5889595746994019,9.610904693603516,3.6121103763580322,0.3217005927581507
1022,1021,0,-0.1237848699092865,3.299776315689087,3.668117046356201,0.23305262784563574
1023,1022,0,-0.38178423047065735,1.2820850610733032,3.634272575378418,0.24733670862451532
1024,1023,0,-0.1260584443807602,1.6133947372436523,3.547990322113037,0.37023052305483967
1025,1024,0,-0.5296440124511719,3.7389190196990967,3.5494608879089355,0.34087629612520853
1026,1025,0,-0.38383129239082336,4.123088359832764,3.6209442615509033,0.28029729095067235
1027,1026,0,0.02288365736603737,2.8502655029296875,3.6959469318389893,0.3697158224059758
1028,1027,0,-0.24001434445381165,2.0469281673431396,3.7013237476348877,0.2949550713160905
1029,1028,0,-0.2402075082063675,-0.09541929513216019,3.6418991088867188,0.22355549755664975
1030,1029,0,-0.3229382038116455,-0.49190816283226013,3.570143699645996,0.19425017107070264
1031,1030,0,-0.5414172410964966,0.018870750442147255,3.574876546859741,0.1650078272335531
1032,1031,0,-0.2445758581161499,-0.527831494808197,3.6300032138824463,0.2479219813018325
1033,1032,0,-0.02965899370610714,-0.7286062240600586,3.6832518577575684,0.3314196499849833
1034,1033,0,-0.4297109842300415,-1.8634735345840454,3.677380084991455,0.2972922355133419
1035,1034,0,-0.17321792244911194,-3.0427143573760986,3.6003808975219727,0.3201498947595954
1036,1035,0,-0.2627940773963928,-0.35158422589302063,3.543748378753662,0.23905736365159694
1037,1036,0,-0.5609257817268372,3.247967481613159,3.535825252532959,0.1506843700170019
1038,1037,0,-0.43626517057418823,6.178403377532959,3.6040518283843994,0.24386864185089316
1039,1038,0,-0.4063325822353363,7.6016974449157715,3.654676675796509,0.25133799647590055
1040,1039,0,-0.5632460117340088,5.29703426361084,3.643256664276123,0.21804931023848473
1041,1040,0,-0.17956551909446716,1.2358986139297485,3.623988628387451,0.13913937160081202
1042,1041,0,-0.2148643136024475,-0.1030564084649086,3.5991625785827637,0.25065680671728024
1043,1042,0,-0.3968755006790161,-0.43032047152519226,3.6298444271087646,0.24106884648742066
1044,1043,0,-0.27315428853034973,-1.8636131286621094,3.668009042739868,0.29399564515706705
1045,1044,0,-0.35294342041015625,-3.891827344894409,3.6660475730895996,0.22679278137288836
1046,1045,0,-0.48883363604545593,-5.259056568145752,3.6303653717041016,0.15080253074510108
1047,1046,0,-0.14748311042785645,-4.699851036071777,3.5638885498046875,0.22939180196157072
1048,1047,0,-0.06851372867822647,-1.2660003900527954,3.5464086532592773,0.19990073132003813
1049,1048,0,-0.026005297899246216,3.8564395904541016,3.571723699569702,0.23624586444397652
1050,1049,0,-0.543140709400177,10.23979663848877,3.6307532787323,0.32135806217187907
1051,1050,0,-0.22503453493118286,6.353237152099609,3.6281344890594482,0.23147926734353877
1052,1051,0,-0.5820295214653015,5.622896671295166,3.6366093158721924,0.2738055017640095
1053,1052,0,-0.23471450805664062,5.1217145919799805,3.613415002822876,0.2395064710943302
1054,1053,0,-0.1237964779138565,3.030611276626587,3.6312625408172607,0.18983511281940812
1055,1054,0,-0.10246700048446655,-1.1410075426101685,3.6641929149627686,0.3353887357630478
1056,1055,0,-0.11370508372783661,-3.8972866535186768,3.6848301887512207,0.23022868255668516
1057,1056,0,-0.25790607929229736,-6.480878829956055,3.665428638458252,0.19454746154107086
1058,1057,0,-0.24773740768432617,-7.383716106414795,3.6075563430786133,0.22391458233104813
1059,1058,0,-0.1440209597349167,-5.374192714691162,3.580618143081665,0.2178747281051213
1060,1059,0,0.18585443496704102,-1.256649136543274,3.5919125080108643,0.20362936222688502
1061,1060,0,-0.162676602602005,2.8216917514801025,3.589860200881958,0.240906735061988
1062,1061,0,-0.555500328540802,9.696718215942383,3.563598394393921,0.1804789083866735
1063,1062,0,-0.5731557011604309,10.038870811462402,3.575618267059326,0.18447779897276306
1064,1063,0,-0.5552599430084229,6.8946685791015625,3.625248670578003,0.1948421346107668
1065,1064,0,-0.33020108938217163,4.029102325439453,3.650935411453247,0.25829833028196875
1066,1065,0,-0.10111625492572784,2.16424298286438,3.6426327228546143,0.24188453985244762
1067,1066,0,-0.26737716794013977,0.5158131718635559,3.6404011249542236,0.20432577424846451
1068,1067,0,-0.36404141783714294,-0.7864120006561279,3.6397790908813477,0.22935874734546932
1069,1068,0,-0.44804680347442627,-3.2874338626861572,3.672037363052368,0.2947449832324806
1070,1069,0,-0.36859574913978577,-5.259634494781494,3.6922974586486816,0.21378014258412983
1071,1070,0,-0.5326231122016907,-7.461006164550781,3.616562604904175,0.190071426342567
1072,1071,0,-0.03535450994968414,-5.227352142333984,3.5698561668395996,0.2640189536890379
1073,1072,0,0.08892515301704407,-0.27887117862701416,3.5620641708374023,0.2751495429261349
1074,1073,0,-0.37375348806381226,4.647380352020264,3.567673683166504,0.20509965741680203
1075,1074,0,-0.5390475392341614,6.1042962074279785,3.5925991535186768,0.17975562204640702
1076,1075,0,-0.6685546040534973,10.139594078063965,3.5951452255249023,0.2148613909837247
1077,1076,0,-0.1791553795337677,5.7370171546936035,3.5949950218200684,0.24321484308638208
1078,1077,0,-0.17185653746128082,7.171932220458984,3.614241600036621,0.21006173686758203
1079,1078,0,0.0301494300365448,3.1312272548675537,3.663424491882324,0.26308817891513775
1080,1079,0,-0.15903723239898682,-0.7320876717567444,3.689837694168091,0.2646482210721451
1081,1080,0,-0.1780921220779419,-4.491332530975342,3.6684622764587402,0.264176538528024
1082,1081,0,-0.3786267340183258,-7.438000202178955,3.6411242485046387,0.3366327523020791
1083,1082,0,-0.4084925651550293,-7.634318828582764,3.6173508167266846,0.3062731678850975
1084,1083,0,0.014228954911231995,-5.120738983154297,3.615854501724243,0.3223277478366144
1085,1084,0,0.1955118477344513,-1.9566043615341187,3.586745500564575,0.351831080795225
1086,1085,0,-0.09317246079444885,3.048994779586792,3.5541903972625732,0.23070908873804385
1087,1086,0,-0.31590357422828674,12.28884220123291,3.524138927459717,0.19213062322545324
1088,1087,0,-0.4311591386795044,7.646329402923584,3.56364369392395,0.31616450465349943
1089,1088,0,-0.24304567277431488,4.630154132843018,3.6015677452087402,0.14546973938672245
1090,1089,0,-0.23518863320350647,3.403491973876953,3.6281509399414062,0.21803381957238152
1091,1090,0,-0.1609535813331604,4.288602828979492,3.638962984085083,0.21398554634014758
1092,1091,0,-0.08150888979434967,3.3300869464874268,3.6577322483062744,0.29686878186344795
1093,1092,0,-0.20264674723148346,1.0190626382827759,3.664842367172241,0.3255633506576283
1094,1093,0,-0.44986414909362793,-2.3340675830841064,3.6685328483581543,0.26933518252655525
1095,1094,0,-0.6752706170082092,-6.110457897186279,3.668431282043457,0.44548815766520633
1096,1095,0,-0.22243712842464447,-7.81277322769165,3.6588706970214844,0.23699018129770658
1097,1096,0,-0.1314488649368286,-6.576602935791016,3.6167521476745605,0.2840851352219947
1098,1097,0,0.044314704835414886,-3.9667842388153076,3.5734026432037354,0.16566264174770814
1099,1098,0,-0.03945549950003624,0.12817807495594025,3.56019926071167,0.22687659261173965
1100,1099,0,-0.2128499299287796,6.649311542510986,3.556063652038574,0.159985835998359
1101,1100,0,-0.5935094356536865,10.954819679260254,3.5850741863250732,0.19849527213160023
1102,1101,0,-0.36184579133987427,6.541079044342041,3.632218837738037,0.26220529210195964
1103,1102,0,-0.2721218466758728,1.7777174711227417,3.6245360374450684,0.0881453779392033
1104,1103,0,-0.09503325819969177,1.5549904108047485,3.5997374057769775,0.24002809608151107
1105,1104,0,-0.216279998421669,1.7631155252456665,3.6371500492095947,0.34336037151123966
1106,1105,0,-0.3190406858921051,1.1632379293441772,3.676874876022339,0.290892203277808
1107,1106,0,-0.38253897428512573,0.6618394255638123,3.6677842140197754,0.17553367745922063
1108,1107,0,-0.08632326126098633,-1.178261160850525,3.614755153656006,0.2040534458172866
1109,1108,0,-0.40302854776382446,-1.4571857452392578,3.5764553546905518,0.20975503497104997
1110,1109,0,-0.3625819981098175,-1.3722950220108032,3.625575065612793,0.19348793049505633
1111,1110,0,0.021369777619838715,-0.8237254619598389,3.6511270999908447,0.24042314141808183
1112,1111,0,-0.3176199197769165,-0.5999084711074829,3.634793758392334,0.2601496388920627
1113,1112,0,-0.3988698720932007,-0.06395850330591202,3.5770487785339355,0.19178773640848767
1114,1113,0,-0.37622392177581787,2.0721635818481445,3.569840908050537,0.25467590244251415
1115,1114,0,-0.36900508403778076,4.2215681076049805,3.5919628143310547,0.19626083156102195
1116,1115,0,-0.19278742372989655,5.082052707672119,3.6452577114105225,0.23285453426095315
1117,1116,0,-0.5108569860458374,4.772719860076904,3.6385338306427,0.23088304970819318
1118,1117,0,-0.18034155666828156,1.400378704071045,3.6039040088653564,0.15429269187215308
1119,1118,0,-0.3982333540916443,0.13028861582279205,3.602712631225586,0.14181283920700727
1120,1119,0,-0.2428828626871109,-1.094922661781311,3.6460492610931396,0.24890534160374134
1121,1120,0,-0.3126857280731201,-2.531487226486206,3.658374786376953,0.2501154445788429
1122,1121,0,-0.23636296391487122,-3.017024040222168,3.6367034912109375,0.22451794069479425
1123,1122,0,-0.3517308533191681,-2.224040985107422,3.5855579376220703,0.21141775348063319
1124,1123,0,-0.44538256525993347,-1.0512112379074097,3.5617780685424805,0.17450354963347717
1125,1124,0,-0.3489200472831726,0.921499490737915,3.6085891723632812,0.2390784258481078
1126,1125,0,-0.3483683168888092,2.070220708847046,3.623682975769043,0.2260531416898245
1127,1126,0,-0.366849422454834,4.3027567863464355,3.589162826538086,0.22806926316550769
1128,1127,0,-0.46925419569015503,8.283995628356934,3.561260938644409,0.18933744260533217
1129,1128,0,-0.23780134320259094,5.463649749755859,3.5931568145751953,0.26914813483443806
1130,1129,0,-0.2748754620552063,3.0411903858184814,3.6447088718414307,0.23079641792662656
1131,1130,0,-0.356939435005188,1.697264313697815,3.6557466983795166,0.25602083728364855
1132,1131,0,-0.3957594037055969,0.18888135254383087,3.636286735534668,0.2007432045208539
1133,1132,0,-0.370428204536438,-0.7656702995300293,3.642627716064453,0.20356616943219763
1134,1133,0,-0.6364949345588684,-3.1895837783813477,3.647505283355713,0.3319395071517963
1135,1134,0,-0.28436386585235596,-3.9175126552581787,3.650973320007324,0.23935779610478694
1136,1135,0,-0.32578402757644653,-4.224679470062256,3.625462055206299,0.26552682665309213
1137,1136,0,-0.15841886401176453,-3.0601770877838135,3.588810682296753,0.23216627649671343
1138,1137,0,-0.4543955624103546,-1.905248999595642,3.5813114643096924,0.23148220414041906
1139,1138,0,-0.3028879165649414,0.10946738719940186,3.5855233669281006,0.22641343904553626
1140,1139,0,-0.26987069845199585,3.3370749950408936,3.569678783416748,0.20580348776742263
1141,1140,0,-0.5251919627189636,8.841309547424316,3.5781373977661133,0.24810764140673605
1142,1141,0,-0.5972702503204346,9.45335865020752,3.598386764526367,0.2063849979094529
1143,1142,0,0.06722038984298706,1.931675910949707,3.6269900798797607,0.17359935140880323
1144,1143,0,-0.24657495319843292,0.5274900794029236,3.6513113975524902,0.16081297473602651
1145,1144,0,-0.2957233190536499,-0.9261682629585266,3.6486895084381104,0.14761959783307654
1146,1145,0,-0.2868862748146057,-2.1609697341918945,3.6537740230560303,0.37518231161008697
1147,1146,0,-0.3710705637931824,-3.2491843700408936,3.627791166305542,0.23437364437342292
1148,1147,0,-0.18933378159999847,-2.7081241607666016,3.6052932739257812,0.23155495645154325
1149,1148,0,-0.11205919086933136,-0.5077244639396667,3.581010103225708,0.21313411956346687
1150,1149,0,-0.24335892498493195,1.6602758169174194,3.594597101211548,0.14738946598127586
1151,1150,0,-0.1891757845878601,5.172874927520752,3.59076189994812,0.2192328406629583
1152,1151,0,-0.4078816771507263,8.2090482711792,3.5999650955200195,0.1789939657431252
1153,1152,0,0.16459918022155762,1.5763927698135376,3.6334521770477295,0.16248306763581652
1154,1153,0,-0.09496898949146271,-0.4158022403717041,3.6310863494873047,0.19364978623356843
1155,1154,0,-0.3725361227989197,-1.6474204063415527,3.6323623657226562,0.2929095556659541
1156,1155,0,-0.35002401471138,-2.2985668182373047,3.632572650909424,0.17872254116243927
1157,1156,0,-0.37761348485946655,-1.611570954322815,3.6190507411956787,0.21953151655831463
1158,1157,0,-0.34153810143470764,-1.3890727758407593,3.613337993621826,0.26432866502326186
1159,1158,0,0.0182894766330719,0.26737862825393677,3.593804121017456,0.19850155052468677
1160,1159,0,-0.17135556042194366,2.83756422996521,3.591029167175293,0.34699192611027235
1161,1160,0,-0.32181626558303833,5.628349304199219,3.5985372066497803,0.24420045119907133
1162,1161,0,-0.26436975598335266,5.388256072998047,3.6078243255615234,0.31660851486687036
1163,1162,0,-0.1359626054763794,2.6715621948242188,3.6351354122161865,0.26505148805460926
1164,1163,0,-0.27957916259765625,1.2077003717422485,3.635711669921875,0.2761831477540842
1165,1164,0,-0.31671106815338135,-0.6145345568656921,3.6411726474761963,0.18019373027913768
1166,1165,0,-0.5553176403045654,-2.902390241622925,3.6453075408935547,0.17464062629854635
1167,1166,0,-0.5465808510780334,-4.963716983795166,3.62862229347229,0.153831989408204
1168,1167,0,-0.2954327166080475,-4.880773544311523,3.619368553161621,0.23110110626759808
1169,1168,0,-0.08955789357423782,-3.7814862728118896,3.590829372406006,0.31967084344561414
1170,1169,0,-0.04765380918979645,0.6104035377502441,3.5685596466064453,0.26805368323960116
1171,1170,0,-0.5546426177024841,4.453732013702393,3.5546813011169434,0.4167378985554116
1172,1171,0,-0.2348109781742096,6.266932010650635,3.5773510932922363,0.19894978214535183
1173,1172,0,-0.45327502489089966,8.995436668395996,3.5991580486297607,0.17832162365895243
1174,1173,0,-0.1462816596031189,4.415908336639404,3.6235368251800537,0.33673615869835194
1175,1174,0,-0.23274938762187958,4.367971420288086,3.641270399093628,0.17291735741773828
1176,1175,0,-0.26692408323287964,3.7906711101531982,3.661029577255249,0.28325665410070583
1177,1176,0,-0.14005476236343384,1.463961124420166,3.675816297531128,0.21341944294487605
1178,1177,0,-0.3761863708496094,-0.43324437737464905,3.6727278232574463,0.18807709037904374
1179,1178,0,-0.6122921109199524,-2.9975461959838867,3.6676745414733887,0.35755863148090916
1180,1179,0,-0.5806010365486145,-5.074652194976807,3.6536061763763428,0.23432196782897174
1181,1180,0,-0.2905765771865845,-5.332854747772217,3.641475200653076,0.2508862644361954
1182,1181,0,-0.41377198696136475,-5.505401611328125,3.601959705352783,0.2024591744944788
1183,1182,0,0.0833052396774292,-2.3827879428863525,3.601043939590454,0.22172011896547958
1184,1183,0,0.09791196882724762,0.5381401181221008,3.588700532913208,0.2163841372696976
1185,1184,0,-0.3861151933670044,4.590366840362549,3.577181577682495,0.22580873885972122
1186,1185,0,-0.623585045337677,10.878209114074707,3.5698351860046387,0.21439938375287462
1187,1186,0,-0.4039571285247803,7.104526996612549,3.5990958213806152,0.2446301899116048
1188,1187,0,-0.3189135491847992,2.3112106323242188,3.6296935081481934,0.18780108760687755
1189,1188,0,-0.14775851368904114,0.15795163810253143,3.6573269367218018,0.14426632137602977
1190,1189,0,-0.30149200558662415,-1.273538589477539,3.653017520904541,0.1337865421003236
1191,1190,0,-0.2493695318698883,-2.3120381832122803,3.6327171325683594,0.2474505537683467
1192,1191,0,-0.16435731947422028,-2.421560287475586,3.642953634262085,0.1760294442920124
1193,1192,0,-0.2773283123970032,-3.4271152019500732,3.632748603820801,0.2959769709296672
1194,1193,0,-0.23474541306495667,-2.9143359661102295,3.596982479095459,0.20849102340767367
1195,1194,0,-0.014616921544075012,-0.4179312288761139,3.5883920192718506,0.2804114579784336
1196,1195,0,-0.2597007751464844,2.1408183574676514,3.582695245742798,0.1547500554734206
1197,1196,0,-0.4666564464569092,5.775912761688232,3.579439163208008,0.20910751334228983
1198,1197,0,-0.5491696000099182,7.102130889892578,3.5931599140167236,0.17640003019609676
1199,1198,0,-0.4707159996032715,4.737245082855225,3.6071128845214844,0.14146599733822243
1200,1199,0,-0.23906153440475464,3.3910138607025146,3.628117322921753,0.2878410094360614
1201,1200,0,-0.21830742061138153,3.317873239517212,3.645759105682373,0.24003992560764212
1202,1201,0,-0.43136608600616455,2.1757354736328125,3.660597085952759,0.27704792125956934
1203,1202,0,-0.46597620844841003,-0.36486878991127014,3.6611995697021484,0.31143068754653574
1204,1203,0,-0.05173289775848389,-2.714092254638672,3.6467432975769043,0.1443042265335062
1205,1204,0,-0.40738630294799805,-4.234041690826416,3.6432788372039795,0.10568234202163913
1206,1205,0,-0.23127983510494232,-6.039287567138672,3.642585039138794,0.18027370481397767
1207,1206,0,-0.0806264579296112,-7.027926921844482,3.607346534729004,0.3445501447940455
1208,1207,0,0.06946420669555664,-4.481144428253174,3.5639572143554688,0.18808986777320416
1209,1208,0,0.0495825856924057,0.3125985860824585,3.568115234375,0.19005602929229445
1210,1209,0,-0.1553027629852295,6.905487060546875,3.5511903762817383,0.19541429407351552
1211,1210,0,-0.7504814863204956,12.024674415588379,3.5798778533935547,0.26397898560709837
1212,1211,0,-0.17702656984329224,6.844330310821533,3.587120532989502,0.2221269154805031
1213,1212,0,-0.29349440336227417,6.794738292694092,3.602391004562378,0.16033403077422978
1214,1213,0,-0.14122524857521057,6.540201663970947,3.633741855621338,0.2607282159626632
1215,1214,0,-0.003949499689042568,4.075090408325195,3.67655348777771,0.24046277391375007
1216,1215,0,-0.10635066032409668,0.548778235912323,3.6810014247894287,0.24683806170037714
1217,1216,0,-0.2698413133621216,-2.3039610385894775,3.6791110038757324,0.15019769400588212
1218,1217,0,-0.41560569405555725,-5.601731777191162,3.675626277923584,0.24966112389930747
1219,1218,0,-0.6962559223175049,-8.702200889587402,3.677598714828491,0.21026881627395425
1220,1219,0,-0.0969143956899643,-8.50515079498291,3.640665054321289,0.15945449174829565
1221,1220,0,-0.0012723878026008606,-6.37640380859375,3.585447072982788,0.23753517352014517
1222,1221,0,0.10700623691082001,-2.941761016845703,3.5691051483154297,0.3060115710247258
1223,1222,0,-0.015992462635040283,2.0083491802215576,3.542511224746704,0.21906683142350966
1224,1223,0,-0.21781191229820251,10.805869102478027,3.5336899757385254,0.23934629670847055
1225,1224,0,-0.5703943967819214,10.059341430664062,3.565260648727417,0.1835641007170128
1226,1225,0,-0.48105481266975403,8.762290000915527,3.5911176204681396,0.24366575393321568
1227,1226,0,-0.35709843039512634,7.72756814956665,3.627305030822754,0.1708097352327865
1228,1227,0,-0.0813194289803505,3.6526355743408203,3.645578384399414,0.32439371816264945
1229,1228,0,0.06956592202186584,2.6880531311035156,3.65622615814209,0.34326020423541986
1230,1229,0,-0.22048920392990112,-1.0549074411392212,3.6703362464904785,0.2561108126490879
1231,1230,0,-0.1760873794555664,-4.291092395782471,3.6825783252716064,0.3440986666935027
1232,1231,0,-0.4298173189163208,-6.745229721069336,3.65634822845459,0.3394218904512554
1233,1232,0,-0.4169960618019104,-6.969659805297852,3.6323702335357666,0.35505172346601815
1234,1233,0,-0.20984220504760742,-5.61366081237793,3.613593816757202,0.20281994638327247
1235,1234,0,0.09290815889835358,-3.601270914077759,3.590881109237671,0.12628905933636378
1236,1235,0,0.04975232109427452,-0.5068983435630798,3.5585250854492188,0.2674880934312631
1237,1236,0,-0.21834653615951538,4.669065952301025,3.5588371753692627,0.3017161335743849
1238,1237,0,-0.5587772130966187,10.278916358947754,3.5767693519592285,0.29580608892311056
1239,1238,0,-0.2848820090293884,6.833639621734619,3.608729600906372,0.15143583048033993
1240,1239,0,-0.41788896918296814,4.614765644073486,3.6192662715911865,0.24859841427772875
1241,1240,0,-0.3989959955215454,3.866548776626587,3.619401454925537,0.2555995657069485
1242,1241,0,-0.1487882435321808,4.2732930183410645,3.6475002765655518,0.290567654226924
1243,1242,0,-0.18844130635261536,3.196868896484375,3.6668200492858887,0.2483146061061792
1244,1243,0,-0.16080980002880096,1.0414237976074219,3.6668219566345215,0.2851182489930035
1245,1244,0,-0.09281923621892929,-2.460066080093384,3.660228729248047,0.19310425055789046
1246,1245,0,-0.4708763360977173,-5.020103931427002,3.6705024242401123,0.18767803185695583
1247,1246,0,-0.3927115797996521,-7.644964694976807,3.6595160961151123,0.1489385792438254
1248,1247,0,-0.031749531626701355,-6.540756702423096,3.614596366882324,0.20658378197307656
1249,1248,0,0.1275002658367157,-4.289058685302734,3.579169511795044,0.19416210584746704
1250,1249,0,-0.17907115817070007,-1.5224089622497559,3.567110538482666,0.20448959528614882
1251,1250,0,-0.0022454410791397095,2.786966562271118,3.580853223800659,0.17321383613134367
1252,1251,0,-0.47680923342704773,9.418743133544922,3.5620858669281006,0.14562617567763692
1253,1252,0,-0.4736197888851166,7.7387847900390625,3.5741093158721924,0.2141671361646317
1254,1253,0,-0.4150839149951935,7.127157688140869,3.5754384994506836,0.22985944889154764
1255,1254,0,-0.3518639802932739,7.457210540771484,3.6127877235412598,0.17764058040824537
1256,1255,0,0.010943718254566193,3.5324134826660156,3.6735825538635254,0.26232400809360995
1257,1256,0,-0.12815791368484497,0.9371597170829773,3.6676671504974365,0.23038338838056496
1258,1257,0,-0.24662767350673676,-1.8993169069290161,3.652174711227417,0.18607211272145108
1259,1258,0,-0.3185287415981293,-4.431002616882324,3.646092414855957,0.17842517355920773
1260,1259,0,-0.3720996379852295,-6.36273717880249,3.6580593585968018,0.2542583249015948
1261,1260,0,-0.09785579144954681,-7.090303421020508,3.634774684906006,0.18668963241166647
1262,1261,0,0.08073015511035919,-4.597928524017334,3.5948548316955566,0.32941582080881754
1263,1262,0,0.12372468411922455,-1.0689154863357544,3.572585344314575,0.2866701441081531
1264,1263,0,0.030994504690170288,3.9304866790771484,3.5698130130767822,0.2091597621392813
1265,1264,0,-0.4285834729671478,9.742744445800781,3.5823371410369873,0.18401690055201966
1266,1265,0,-0.5265716910362244,9.89175033569336,3.607508659362793,0.154843775597333
1267,1266,0,-0.2037448137998581,5.667344570159912,3.619189977645874,0.279884333587397
1268,1267,0,-0.331972599029541,3.369161605834961,3.631119728088379,0.22818657920876687
1269,1268,0,-0.03814007341861725,2.6822526454925537,3.6619951725006104,0.23706623239636557
1270,1269,0,-0.05311255156993866,-0.2564884126186371,3.6742613315582275,0.2232756574306566
1271,1270,0,-0.23886200785636902,-3.743316650390625,3.6717021465301514,0.2297175829052112
1272,1271,0,-0.4223693013191223,-6.4437031745910645,3.6433658599853516,0.20086507629473674
1273,1272,0,-0.30847060680389404,-7.764204502105713,3.6229488849639893,0.23100872722305876
1274,1273,0,0.04062540829181671,-6.56301736831665,3.6019961833953857,0.22130017831823004
1275,1274,0,-0.07107995450496674,-4.5435967445373535,3.578382968902588,0.195321203742974
1276,1275,0,-0.14326536655426025,-1.457830786705017,3.5513758659362793,0.17330779524147447
1277,1276,0,-0.2479395866394043,3.986964225769043,3.5537595748901367,0.2034500724289404
1278,1277,0,-0.6139363050460815,13.551850318908691,3.542487382888794,0.22816346942129936
1279,1278,0,0.02158254384994507,5.3656907081604,3.586406707763672,0.2140294538023385
1280,1279,0,-0.43080270290374756,1.450850486755371,3.5876166820526123,0.19216346330598477
1281,1280,0,0.01223406195640564,2.172358751296997,3.594430923461914,0.2868442972512678
1282,1281,0,-0.2337527871131897,3.4327895641326904,3.625121593475342,0.22806738554314934
1283,1282,0,-0.11715958267450333,5.5428948402404785,3.6415414810180664,0.2059908513959674
1284,1283,0,-0.2229815423488617,4.496293067932129,3.6454477310180664,0.17467770373699645
1285,1284,0,-0.05777151882648468,0.8713353276252747,3.6425015926361084,0.24486296672631766
1286,1285,0,-0.21235783398151398,-0.9564560055732727,3.641408920288086,0.227919779501473
1287,1286,0,-0.27282121777534485,-2.8631458282470703,3.6633338928222656,0.2691492584422961
1288,1287,0,-0.2399505078792572,-5.023017406463623,3.656325578689575,0.18363958658990095
1289,1288,0,-0.20605923235416412,-5.5233540534973145,3.6215529441833496,0.18342117989197884
1290,1289,0,-0.15840649604797363,-4.411149978637695,3.5846455097198486,0.18864843067356696
1291,1290,0,0.04753335937857628,-2.0933291912078857,3.5690369606018066,0.19304523460806558
1292,1291,0,-0.12398948520421982,1.0295644998550415,3.576587200164795,0.24936733431892044
1293,1292,0,-0.057535767555236816,6.936638355255127,3.564624786376953,0.26064842856639386
1294,1293,0,-0.514443039894104,12.868786811828613,3.582838296890259,0.28791421583177296
1295,1294,0,0.09160879254341125,3.283083200454712,3.643014907836914,0.20555886066354123
1296,1295,0,-0.3092089593410492,-1.0332252979278564,3.6271822452545166,0.23441526796367984
1297,1296,0,-0.16247637569904327,-2.575960397720337,3.606562376022339,0.29254380223008103
1298,1297,0,-0.15943282842636108,-3.364888906478882,3.6119184494018555,0.2799762257974154
1299,1298,0,0.0154486745595932,-3.4115982055664062,3.6340887546539307,0.22669954843740978
1300,1299,0,-0.16610342264175415,-2.429011344909668,3.618464708328247,0.29651571334281074
1301,1300,0,0.026284419000148773,-0.00735363969579339,3.5695619583129883,0.2129314047955039
1302,1301,0,-0.11042904108762741,4.370716571807861,3.5599489212036133,0.2791726216345489
1303,1302,0,-0.247310072183609,6.783386707305908,3.6007702350616455,0.2607733431532249
1304,1303,0,-0.2982308566570282,6.231503963470459,3.6249473094940186,0.24052063356272205
1305,1304,0,-0.19952651858329773,4.543372631072998,3.6025402545928955,0.20977130159841986
1306,1305,0,-0.3080110549926758,5.573940277099609,3.594926118850708,0.13632135419678823
1307,1306,0,-0.3356308937072754,4.201932907104492,3.648608922958374,0.3173447421463714
1308,1307,0,-0.1371406465768814,0.46336647868156433,3.6947617530822754,0.3354319700293342
1309,1308,0,-0.27341246604919434,-2.6018226146698,3.6645236015319824,0.16176555042896998
1310,1309,0,-0.3461373746395111,-3.966726064682007,3.6310579776763916,0.2770278000800536
1311,1310,0,-0.3758622407913208,-5.089364528656006,3.625108480453491,0.38793414824798683
1312,1311,0,-0.13594433665275574,-4.729448318481445,3.6467950344085693,0.28481690330273646
1313,1312,0,-0.042679496109485626,-4.356949329376221,3.6345221996307373,0.1819884363533247
1314,1313,0,0.1721063107252121,-1.6691006422042847,3.5622286796569824,0.1826879822453312
1315,1314,0,0.005269348621368408,3.438429594039917,3.544904947280884,0.13952831025273302
1316,1315,0,-0.26059603691101074,8.59373950958252,3.5893948078155518,0.298214088247772
1317,1316,0,-0.3803269863128662,8.630425453186035,3.640218496322632,0.3824379641591505
1318,1317,0,-0.4097501039505005,4.704471588134766,3.6419012546539307,0.21797367591193043
1319,1318,0,-0.20878846943378448,2.0736074447631836,3.609806776046753,0.13757642889078328
1320,1319,0,-0.15845587849617004,2.540348768234253,3.5853235721588135,0.25330432837122646
1321,1320,0,-0.2601701021194458,3.0332343578338623,3.6496527194976807,0.2157692081877437
1322,1321,0,-0.13653919100761414,1.0250147581100464,3.705885887145996,0.33280273969289365
1323,1322,0,-0.3205271065235138,-1.6355456113815308,3.6974942684173584,0.2730941764194493
1324,1323,0,-0.12473664432764053,-3.677719831466675,3.615614175796509,0.32014701276289176
1325,1324,0,-0.0966809093952179,-3.7081546783447266,3.5875046253204346,0.25130333150515644
1326,1325,0,0.1695244312286377,-2.317883253097534,3.6233925819396973,0.21088325194434387
1327,1326,0,-0.07952176034450531,-1.2098926305770874,3.642669916152954,0.29802811494377757
1328,1327,0,-0.22564557194709778,0.6097769141197205,3.6136553287506104,0.1283242400903997
1329,1328,0,-0.29717469215393066,3.2945382595062256,3.5584168434143066,0.21506002692468398
1330,1329,0,-0.5126475095748901,6.29974889755249,3.559993267059326,0.26403695068769856
1331,1330,0,-0.17035314440727234,4.596355438232422,3.6193559169769287,0.19659419592263785
1332,1331,0,-0.33703723549842834,4.335269927978516,3.635725259780884,0.24786996402169859
1333,1332,0,-0.259159654378891,4.25234317779541,3.6056292057037354,0.14695520158161626
1334,1333,0,-0.2746947407722473,5.204772472381592,3.614727735519409,0.1679418692929194
1335,1334,0,-0.15739408135414124,3.386493682861328,3.6701443195343018,0.21612365132185615
1336,1335,0,-0.1473781168460846,-0.5412483811378479,3.704042434692383,0.2773096348966062
1337,1336,0,-0.2361595183610916,-3.760047197341919,3.659285306930542,0.18701672900689134
1338,1337,0,-0.5073850750923157,-5.89443826675415,3.6258034706115723,0.28721728751398906
1339,1338,0,-0.379938542842865,-6.27172327041626,3.6206679344177246,0.1749970470572865
1340,1339,0,0.07341428846120834,-5.354423522949219,3.633615493774414,0.19893093984750618
1341,1340,0,-0.2623201608657837,-4.84755802154541,3.58766770362854,0.2194831021955138
1342,1341,0,0.013815760612487793,-1.9239028692245483,3.5433762073516846,0.2267113911646079
1343,1342,0,-0.08967847377061844,4.168223857879639,3.5327908992767334,0.21441880564982854
1344,1343,0,-0.34201112389564514,12.314395904541016,3.5739307403564453,0.24743905670535424
1345,1344,0,-0.04368281364440918,4.6728835105896,3.6119887828826904,0.27327413610740875
1346,1345,0,-0.3991048336029053,2.7261550426483154,3.593230962753296,0.21357427044818447
1347,1346,0,-0.3577480912208557,2.4573814868927,3.5613856315612793,0.22243088353195437
1348,1347,0,-0.37767618894577026,3.2171080112457275,3.586697816848755,0.20924342302498022
1349,1348,0,-0.13633941113948822,3.051818609237671,3.6664092540740967,0.4078129637783656
1350,1349,0,-0.12784548103809357,2.7498652935028076,3.6890103816986084,0.40288062188095747
1351,1350,0,-0.05717995762825012,0.8269104361534119,3.6319611072540283,0.20716913150123817
1352,1351,0,-0.16900531947612762,1.4631208181381226,3.5801961421966553,0.341731601417675
1353,1352,0,-0.40482109785079956,-0.9194933772087097,3.6234958171844482,0.19326917173688343
1354,1353,0,-0.14984959363937378,-2.8687400817871094,3.683955430984497,0.28585286563347084
1355,1354,0,-0.2842620015144348,-3.4981307983398438,3.6619174480438232,0.20339894634877284
1356,1355,0,-0.14451536536216736,-3.519723653793335,3.6029160022735596,0.22851234523050226
1357,1356,0,-0.20221225917339325,-2.391016721725464,3.555692195892334,0.2448176090161811
1358,1357,0,-0.05198828876018524,0.6856372952461243,3.5984063148498535,0.42145117253589653
1359,1358,0,-0.13571932911872864,5.014928340911865,3.6176037788391113,0.20011053349133337
1360,1359,0,-0.3888402581214905,7.804164886474609,3.5915091037750244,0.20536789298321503
1361,1360,0,-0.20116546750068665,7.336215972900391,3.5686089992523193,0.16386083480522062
1362,1361,0,-0.21501976251602173,5.116621017456055,3.6096906661987305,0.1439549233169182
1363,1362,0,-0.08971269428730011,4.328447341918945,3.679778814315796,0.3598299116879917
1364,1363,0,0.19696062803268433,-1.6089986562728882,3.6763041019439697,0.15745367137989177
1365,1364,0,-0.23492573201656342,-5.615814685821533,3.643850326538086,0.23137576051565112
1366,1365,0,-0.44242697954177856,-7.880350112915039,3.6194097995758057,0.33371532988409175
1367,1366,0,0.0034976452589035034,-6.571692943572998,3.619931221008301,0.18914543036380715
1368,1367,0,0.1291573941707611,-3.918370008468628,3.6220033168792725,0.17476697609939995
1369,1368,0,0.3072792887687683,-1.639045238494873,3.582683563232422,0.27216537133628776
1370,1369,0,0.09739077091217041,3.309520721435547,3.5328423976898193,0.22920695987615947
1371,1370,0,-0.41417697072029114,11.394368171691895,3.530691146850586,0.1902402239777984
1372,1371,0,-0.295574426651001,7.814615726470947,3.60457706451416,0.30569926658519964
1373,1372,0,-0.36922580003738403,4.006957530975342,3.6161375045776367,0.1814969955950353
1374,1373,0,-0.1418924480676651,3.822842836380005,3.6038527488708496,0.26014953855802103
1375,1374,0,-0.015632599592208862,7.708881378173828,3.6093249320983887,0.24322810328845326
1376,1375,0,0.10354165732860565,5.479679107666016,3.6694040298461914,0.30077042450760505
1377,1376,0,0.14511728286743164,1.024167537689209,3.706970453262329,0.431767820570476
1378,1377,0,-0.058011941611766815,-2.899942636489868,3.674748182296753,0.275096157466785
1379,1378,0,-0.21413935720920563,-6.461463451385498,3.6459739208221436,0.18158783189442063
1380,1379,0,-0.5069019794464111,-7.934092044830322,3.6380367279052734,0.20085282132391746
1381,1380,0,0.07883287966251373,-6.250730991363525,3.6405913829803467,0.39143266032313395
1382,1381,0,0.04574248194694519,-4.690819263458252,3.628175735473633,0.19037991788190955
1383,1382,0,0.005619756877422333,-3.5086066722869873,3.582900285720825,0.3132442866294302
1384,1383,0,-0.03152421861886978,-0.6178467869758606,3.5460128784179688,0.23657658834289977
1385,1384,0,-0.1049622967839241,5.417474746704102,3.534191131591797,0.2542858266936476
1386,1385,0,-0.4115638732910156,13.858256340026855,3.583172559738159,0.2801899042902211
1387,1386,0,0.3397485017776489,3.3105602264404297,3.632162094116211,0.32800659163556695
1388,1387,0,-0.35044923424720764,0.1538848727941513,3.6067447662353516,0.21678417860558827
1389,1388,0,-0.060924142599105835,0.12279015779495239,3.5409109592437744,0.250100191109279
1390,1389,0,-0.4976629316806793,1.8297041654586792,3.545691967010498,0.1802923075619612
1391,1390,0,-0.2225300371646881,1.4091795682907104,3.625481128692627,0.3029888701850418
1392,1391,0,0.014407455921173096,0.812932550907135,3.6790828704833984,0.28110643486861114
1393,1392,0,-0.13470952212810516,1.112125277519226,3.6411023139953613,0.21390668274049682
1394,1393,0,0.29515665769577026,1.4746185541152954,3.530379295349121,0.16790360672575197
1395,1394,0,-0.1713975965976715,7.14272928237915,3.520035982131958,0.29116234342099373
1396,1395,0,-0.19440513849258423,4.554018497467041,3.599172353744507,0.2350959988850235
1397,1396,0,0.06819359213113785,3.200817108154297,3.691225051879883,0.3091990691516106
1398,1397,0,-0.0211828351020813,3.19366717338562,3.7073607444763184,0.43977000837114094
1399,1398,0,-0.1461891531944275,2.039261817932129,3.648940086364746,0.2096212750245758
1400,1399,0,-0.03135345131158829,2.2018401622772217,3.565640687942505,0.29979520149909805
1401,1400,0,-0.3867725133895874,1.9373921155929565,3.590376615524292,0.3139468346136429
1402,1401,0,-0.3068041205406189,0.1530884951353073,3.649275541305542,0.29544144772764214
1403,1402,0,-0.07271628081798553,-2.859243392944336,3.7078824043273926,0.333184471572255
1404,1403,0,-0.33529841899871826,-5.176689624786377,3.6993813514709473,0.2241006688573524
1405,1404,0,-0.11391258239746094,-6.344484806060791,3.630066156387329,0.19330395097757871
1406,1405,0,-0.06051795184612274,-5.145395278930664,3.557143449783325,0.16586780984742489
1407,1406,0,-0.14194948971271515,-2.227163076400757,3.5438733100891113,0.30860000146515887
1408,1407,0,0.08367769420146942,2.3565661907196045,3.5615394115448,0.18575400850606652
1409,1408,0,-0.20978398621082306,7.785583972930908,3.6132709980010986,0.2333016415292669
1410,1409,0,-0.19696012139320374,7.524532318115234,3.6145927906036377,0.20624230430450177
1411,1410,0,-0.4197620749473572,8.28555965423584,3.617661714553833,0.2220190526365855
1412,1411,0,-0.2014882117509842,6.365444183349609,3.595896005630493,0.2285142593586166
1413,1412,0,-0.24662058055400848,6.61715841293335,3.6197421550750732,0.1844178132058991
1414,1413,0,0.21381336450576782,0.1676643043756485,3.6710026264190674,0.27634710066553825
1415,1414,0,-0.08106818795204163,-3.957951307296753,3.690443515777588,0.2654439286681782
1416,1415,0,-0.28788357973098755,-7.9256911277771,3.6623401641845703,0.3324595943482245
1417,1416,0,-0.10946093499660492,-8.925960540771484,3.6140754222869873,0.29025630840026573
1418,1417,0,0.22140641510486603,-6.530279159545898,3.578749418258667,0.25866108527715803
1419,1418,0,0.22683008015155792,-3.7765138149261475,3.553929090499878,0.23278572004308948
1420,1419,0,0.3831411302089691,-1.0773427486419678,3.5517520904541016,0.23101222681350694
1421,1420,0,0.062191277742385864,2.9977424144744873,3.5581133365631104,0.17310095557235314
1422,1421,0,-0.1608576476573944,10.463624000549316,3.5747103691101074,0.2000523800017072
1423,1422,0,-0.43557918071746826,10.62755298614502,3.5998404026031494,0.2021169121965466
1424,1423,0,-0.33330148458480835,7.562280654907227,3.633890390396118,0.2868156563341849
1425,1424,0,-0.20617112517356873,6.413112640380859,3.6310667991638184,0.23625357030712268
1426,1425,0,-0.07678723335266113,5.4809250831604,3.6350133419036865,0.2995908116088576
1427,1426,0,-0.06421588361263275,5.2618794441223145,3.6587955951690674,0.18261354674344699
1428,1427,0,0.055554673075675964,1.2349328994750977,3.700986862182617,0.39744602551318914
1429,1428,0,-0.19719737768173218,-2.641446113586426,3.7073659896850586,0.2525075890034542
1430,1429,0,-0.482583224773407,-6.398787975311279,3.6840925216674805,0.2672354643373131
1431,1430,0,-0.46102094650268555,-8.785544395446777,3.6506969928741455,0.24640475662716713
1432,1431,0,-0.0019412040710449219,-7.404784679412842,3.6385245323181152,0.2995274255961537
1433,1432,0,0.02783389762043953,-5.788815975189209,3.6042957305908203,0.2633967197395093
1434,1433,0,0.20498313009738922,-4.725539684295654,3.5662519931793213,0.198271394736493
1435,1434,0,0.11732523143291473,-2.973503828048706,3.551997184753418,0.18734825461518126
1436,1435,0,0.10233461111783981,0.5414896011352539,3.5411148071289062,0.1786948724324501
1437,1436,0,-0.1694837063550949,7.181921005249023,3.544551372528076,0.21460067288504495
1438,1437,0,-0.8146864771842957,14.366089820861816,3.555867910385132,0.24621394059862398
1439,1438,0,0.1681385636329651,3.682955741882324,3.6004085540771484,0.2631292145326087
1440,1439,0,-0.2645534873008728,1.7571080923080444,3.6013760566711426,0.23126310853449242
1441,1440,0,-0.13609056174755096,2.5350258350372314,3.584127426147461,0.20906495667980216
1442,1441,0,-0.23293054103851318,4.057679653167725,3.602963924407959,0.2278343652034088
1443,1442,0,-0.14054390788078308,3.6510822772979736,3.6464877128601074,0.43960590113583403
1444,1443,0,-0.08562535047531128,2.415539503097534,3.6680543422698975,0.3657890941002009
1445,1444,0,-0.17011752724647522,0.5084415078163147,3.644191026687622,0.19912719259776845
1446,1445,0,-0.066608726978302,-0.8260948657989502,3.630988597869873,0.18178113041131774
1447,1446,0,-0.22864802181720734,-2.4807262420654297,3.650963544845581,0.3607846149052103
1448,1447,0,-0.11931624263525009,-3.996293306350708,3.660390615463257,0.4018950688383851
1449,1448,0,-0.18583577871322632,-4.717201232910156,3.6356332302093506,0.24299317357734307
1450,1449,0,0.0565912202000618,-5.570024013519287,3.5906336307525635,0.13435096240819014
1451,1450,0,0.06900496780872345,-4.306407451629639,3.580247640609741,0.2709982439527147
1452,1451,0,0.051887404173612595,-1.7360824346542358,3.580416202545166,0.22072140268670562
1453,1452,0,0.0818757489323616,2.4947001934051514,3.5686850547790527,0.1601401554739281
1454,1453,0,-0.41762587428092957,8.743739128112793,3.557638168334961,0.16109155079063986
1455,1454,0,-0.3916497528553009,10.227362632751465,3.560182809829712,0.11836979438725992
1456,1455,0,-0.16443586349487305,4.699553966522217,3.6156156063079834,0.23300155411617907
1457,1456,0,-0.20118802785873413,3.8089981079101562,3.6225714683532715,0.22493722816814668
1458,1457,0,-0.19743449985980988,4.790709018707275,3.6221139430999756,0.24614681499688332
1459,1458,0,-0.17167387902736664,6.239538669586182,3.6329877376556396,0.18961644585121692
1460,1459,0,0.17638380825519562,2.2370450496673584,3.665581226348877,0.2608820199845814
1461,1460,0,-0.11871644109487534,-0.22060930728912354,3.682374954223633,0.21867412724684399
1462,1461,0,-0.055014632642269135,-2.48443341255188,3.6665380001068115,0.16643674211209214
1463,1462,0,-0.3172711133956909,-4.94552755355835,3.659710645675659,0.21252316169081775
1464,1463,0,-0.23452416062355042,-6.150184631347656,3.667686700820923,0.27364484765147173
1465,1464,0,0.0474998876452446,-5.410643100738525,3.6310176849365234,0.25385344296735246
1466,1465,0,0.09387721866369247,-3.4950039386749268,3.5822670459747314,0.22292996832218773
1467,1466,0,-0.01891840621829033,-0.5114195346832275,3.5723648071289062,0.2140811680923107
1468,1467,0,-0.09261216968297958,3.8640975952148438,3.5706310272216797,0.1840429849868005
1469,1468,0,-0.31120845675468445,8.886858940124512,3.5890285968780518,0.1601050874296088
1470,1469,0,-0.35499221086502075,8.460556030273438,3.602198362350464,0.2114864161315543
1471,1470,0,-0.24091637134552002,8.122462272644043,3.611755847930908,0.18555020549752574
1472,1471,0,-0.08332774043083191,4.573632717132568,3.63612961769104,0.21816711861458207
1473,1472,0,-0.009705081582069397,0.39121493697166443,3.655834436416626,0.12003690979964383
1474,1473,0,0.014299377799034119,-2.7405707836151123,3.6696279048919678,0.13514351337768035
1475,1474,0,-0.24544361233711243,-6.0244293212890625,3.6786048412323,0.15736080415717832
1476,1475,0,-0.2578584551811218,-7.833797454833984,3.6602909564971924,0.24573167671364893
1477,1476,0,0.022748664021492004,-6.789107799530029,3.6147303581237793,0.18358579141692288
1478,1477,0,0.18159008026123047,-4.782554626464844,3.5773327350616455,0.24664150182458977
1479,1478,0,0.17408791184425354,-1.8770332336425781,3.565751075744629,0.22138864759769175
1480,1479,0,0.07442761957645416,2.6322414875030518,3.5625288486480713,0.16246263270449193
1481,1480,0,-0.3780750632286072,7.756208419799805,3.564995765686035,0.2000972447301792
1482,1481,0,-0.5323910117149353,10.798660278320312,3.5738627910614014,0.2345921325252037
1483,1482,0,-0.46460413932800293,9.572651863098145,3.6020238399505615,0.2292389788735404
1484,1483,0,0.012061119079589844,4.132728576660156,3.622081995010376,0.2023925391442326
1485,1484,0,-0.03218621015548706,2.974506139755249,3.648803234100342,0.20568145736457913
1486,1485,0,-0.020263656973838806,2.0225956439971924,3.6596524715423584,0.24012412853187418
1487,1486,0,-0.09630648046731949,0.6082944273948669,3.675774335861206,0.20052669356325126
1488,1487,0,-0.20487746596336365,-1.3623790740966797,3.6573359966278076,0.2310999511637094
1489,1488,0,-0.22878359258174896,-2.9797770977020264,3.6502304077148438,0.21554971555386146
1490,1489,0,-0.23775199055671692,-4.9012322425842285,3.6544642448425293,0.18619147723755317
1491,1490,0,-0.12813299894332886,-5.886115550994873,3.6463756561279297,0.21819580345232417
1492,1491,0,-0.06853847205638885,-5.929100513458252,3.6118242740631104,0.22127897474263825
1493,1492,0,0.10833881050348282,-3.9212424755096436,3.581328868865967,0.1715484566895953
1494,1493,0,-0.027618931606411934,-1.3428220748901367,3.57846736907959,0.19239800661143733
1495,1494,0,-0.21245427429676056,0.9711174964904785,3.5786681175231934,0.24498704800586876
1496,1495,0,-0.18272249400615692,6.513078212738037,3.559154987335205,0.2099673362345187
1497,1496,0,-0.47267210483551025,8.882246971130371,3.5530645847320557,0.18131165386690581
1498,1497,0,-0.5034274458885193,8.317543983459473,3.5740115642547607,0.19775645169535702
1499,1498,0,-0.25022006034851074,6.100481033325195,3.626358985900879,0.29117824941542153
1500,1499,0,-0.14967785775661469,4.257394313812256,3.6547536849975586,0.18779960713218224
1501,1500,0,-0.12829987704753876,3.0793869495391846,3.6521782875061035,0.3112487055627537
1502,1501,0,-0.15290290117263794,2.1233227252960205,3.6464669704437256,0.2123912276260309
1503,1502,0,-0.09273701906204224,-0.569293200969696,3.6832873821258545,0.21112850920827278
1504,1503,0,-0.13931578397750854,-3.2213828563690186,3.6785526275634766,0.23996866269817627
1505,1504,0,-0.15688511729240417,-5.661565780639648,3.654068946838379,0.17030798118395332
1506,1505,0,-0.16390490531921387,-5.856287479400635,3.6239888668060303,0.1610169469486256
1507,1506,0,-0.11966750770807266,-5.07553243637085,3.6181907653808594,0.177434255094118
1508,1507,0,0.14562419056892395,-4.014198303222656,3.5951287746429443,0.18336478562762104
1509,1508,0,0.05308914929628372,-2.1992948055267334,3.565014362335205,0.2359885506546451
1510,1509,0,-0.009885948151350021,1.1839510202407837,3.5625193119049072,0.12573043698392009
1511,1510,0,-0.2045370489358902,6.951301574707031,3.569101333618164,0.10245886094433516
1512,1511,0,-0.32049089670181274,9.125438690185547,3.585684299468994,0.24216817679323502
1513,1512,0,-0.25365033745765686,6.182363986968994,3.600592851638794,0.18044471561389855
1514,1513,0,-0.33080753684043884,6.4626641273498535,3.607879877090454,0.2038164718301642
1515,1514,0,-0.11204428225755692,5.547769069671631,3.634474277496338,0.18149296460295608
1516,1515,0,-0.012125477194786072,2.2616825103759766,3.6683952808380127,0.25291816011299245
1517,1516,0,-0.009694159030914307,1.11638605594635,3.662808656692505,0.15168383917774358
1518,1517,0,-0.21620798110961914,-1.6498559713363647,3.6669468879699707,0.18479543757979547
1519,1518,0,-0.2362367957830429,-3.5427939891815186,3.6670737266540527,0.2768029605295832
1520,1519,0,-0.4351307451725006,-6.369238376617432,3.6550967693328857,0.20898772588667622
1521,1520,0,-0.28308945894241333,-8.064781188964844,3.633363723754883,0.2305526641304938
1522,1521,0,0.14353981614112854,-6.0848917961120605,3.600229263305664,0.19523837727162718
1523,1522,0,0.18943266570568085,-2.110013961791992,3.5730857849121094,0.22133216149137314
1524,1523,0,0.12761889398097992,3.5784902572631836,3.551151990890503,0.23833003509864448
1525,1524,0,-0.4437611699104309,10.460198402404785,3.565229654312134,0.16976500843698275
1526,1525,0,-0.03878694772720337,5.239365100860596,3.605572462081909,0.22351034163446673
1527,1526,0,-0.3181207776069641,4.605226993560791,3.6078178882598877,0.1339303249382213
1528,1527,0,-0.20880384743213654,5.991178035736084,3.594285488128662,0.1710232041781643
1529,1528,0,-0.13656572997570038,6.042688369750977,3.6172902584075928,0.17970283980303434
1530,1529,0,-0.00026604440063238144,4.208693981170654,3.663527488708496,0.31812382966436203
1531,1530,0,0.0768592432141304,1.2794318199157715,3.6898233890533447,0.15795403073757278
1532,1531,0,-0.21945658326148987,-1.9999033212661743,3.6573591232299805,0.2428972350239124
1533,1532,0,-0.21566106379032135,-5.190912246704102,3.6505165100097656,0.2797474768920389
1534,1533,0,-0.2928420603275299,-6.862171649932861,3.6593737602233887,0.18399791140573352
1535,1534,0,-0.16423940658569336,-7.317934513092041,3.6382575035095215,0.2374794603568459
1536,1535,0,-0.10303144156932831,-5.661262512207031,3.599243402481079,0.2641666399511689
1537,1536,0,0.0967380627989769,-3.4422895908355713,3.5785861015319824,0.17478699718040203
1538,1537,0,0.12651826441287994,0.1662127524614334,3.557624578475952,0.1281608555831417
1539,1538,0,-0.14310163259506226,6.035134792327881,3.5489063262939453,0.21479967953699972
1540,1539,0,-0.5797879695892334,11.795746803283691,3.5732223987579346,0.17410985151869737
1541,1540,0,-0.2969295084476471,6.763862609863281,3.604807138442993,0.2402468201467145
1542,1541,0,-0.3652772903442383,6.521475315093994,3.6089720726013184,0.20650790560720989
1543,1542,0,-0.15428794920444489,5.6277689933776855,3.621999502182007,0.17228004841066027
1544,1543,0,-0.029211264103651047,4.186228275299072,3.642606258392334,0.1668132162063708
1545,1544,0,-0.027982443571090698,2.6767094135284424,3.6858162879943848,0.21181738216603316
1546,1545,0,-0.05187409743666649,-0.8195869326591492,3.6749582290649414,0.2961068348573388
1547,1546,0,-0.18593963980674744,-3.8485653400421143,3.661041736602783,0.17570215155924748
1548,1547,0,-0.4337787628173828,-6.475734710693359,3.6557466983795166,0.16506265312643698
1549,1548,0,-0.253296822309494,-8.181779861450195,3.6582396030426025,0.2007799453050677
1550,1549,0,-0.11485660076141357,-8.383971214294434,3.6213483810424805,0.20716517849631513
1551,1550,0,0.40130043029785156,-4.907389163970947,3.5765340328216553,0.1596504444225909
1552,1551,0,0.23812374472618103,-1.3332284688949585,3.55363392829895,0.22933152064945994
1553,1552,0,-0.012198947370052338,3.62333607673645,3.5474398136138916,0.2341104604281814
1554,1553,0,-0.3440468907356262,11.69537353515625,3.558410882949829,0.180335155908755
1555,1554,0,-0.41420745849609375,9.628265380859375,3.5899672508239746,0.2919390495917451
1556,1555,0,-0.4735882580280304,7.2258687019348145,3.6062135696411133,0.13038440484695119
1557,1556,0,-0.19916556775569916,7.921329498291016,3.6238439083099365,0.2291818685679232
1558,1557,0,0.06750519573688507,4.74768590927124,3.6615633964538574,0.17070080844970903
1559,1558,0,0.03455033898353577,2.683802604675293,3.676199197769165,0.18761541361372566
1560,1559,0,-0.05621812120079994,0.20618315041065216,3.664027452468872,0.07970731611178657
1561,1560,0,-0.021938428282737732,-2.58208966255188,3.6719107627868652,0.24874390553285367
1562,1561,0,-0.1456347107887268,-5.998692989349365,3.677753448486328,0.19391356952193373
1563,1562,0,-0.44247257709503174,-8.333391189575195,3.6584420204162598,0.2887777182643578
1564,1563,0,-0.08626975119113922,-7.824901580810547,3.617215156555176,0.23700205356260554
1565,1564,0,0.15720240771770477,-5.9170708656311035,3.584245204925537,0.18968150564028904
1566,1565,0,0.06747117638587952,-4.569711685180664,3.5691707134246826,0.2381471826663136
1567,1566,0,0.16795484721660614,-2.778061628341675,3.559774160385132,0.13693379586024884
1568,1567,0,0.20250318944454193,0.03475460410118103,3.5465848445892334,0.2441818709022573
1569,1568,0,0.04108952730894089,5.339118957519531,3.556124448776245,0.3167222959325344
1570,1569,0,-0.3666703402996063,11.341504096984863,3.5794029235839844,0.21780334498086426
1571,1570,0,-0.1600370705127716,6.666890621185303,3.6113080978393555,0.1304287174676423
1572,1571,0,-0.3448805510997772,5.544214725494385,3.613246202468872,0.18632496362814255
1573,1572,0,-0.34836262464523315,6.19635534286499,3.5972251892089844,0.28299236619759033
1574,1573,0,-0.36097991466522217,8.2039794921875,3.6214709281921387,0.1645368005375634
1575,1574,0,0.1421981304883957,3.3105900287628174,3.6811916828155518,0.3665330791963492
1576,1575,0,0.006881557404994965,0.452817440032959,3.700429916381836,0.2543759415385566
1577,1576,0,-0.10939593613147736,-2.6249091625213623,3.6526293754577637,0.21768629155313093
1578,1577,0,-0.13915491104125977,-5.366339206695557,3.629650831222534,0.20624278953067296
1579,1578,0,-0.18232585489749908,-6.814525127410889,3.646287202835083,0.2386293382902315
1580,1579,0,-0.09661047160625458,-6.908639430999756,3.656932830810547,0.24874646913302303
1581,1580,0,0.1131058856844902,-6.549755573272705,3.613468885421753,0.2680610747293257
1582,1581,0,0.36284780502319336,-5.255852222442627,3.5535690784454346,0.21864552485728497
1583,1582,0,0.3229367136955261,-2.2470481395721436,3.539438247680664,0.26376809369723625
1584,1583,0,0.21373575925827026,3.0664138793945312,3.5464656352996826,0.19496976217286613
1585,1584,0,-0.27525487542152405,10.589310646057129,3.566117286682129,0.17631725225329334
1586,1585,0,-0.6950984597206116,12.499857902526855,3.574606418609619,0.19091171980023836
1587,1586,0,-0.24050217866897583,6.192554473876953,3.6055448055267334,0.18914685260855435
1588,1587,0,-0.1600811779499054,7.799042224884033,3.6011946201324463,0.20357611724080296
1589,1588,0,-0.20780330896377563,7.504122257232666,3.6272058486938477,0.21967099915966062
1590,1589,0,0.22460432350635529,2.7222111225128174,3.675370693206787,0.20565825710611896
1591,1590,0,0.0441766232252121,-1.0658798217773438,3.6818900108337402,0.15460627472004593
1592,1591,0,-0.021695107221603394,-4.432814598083496,3.6581244468688965,0.2398747921740874
1593,1592,0,-0.24188876152038574,-6.898061752319336,3.6505157947540283,0.2888895984641691
1594,1593,0,-0.345219224691391,-8.192179679870605,3.645601749420166,0.25182607742152024
1595,1594,0,0.09219727665185928,-7.194896697998047,3.6255698204040527,0.3418763850972686
1596,1595,0,0.16004736721515656,-4.940723419189453,3.5661768913269043,0.1904728672752296
1597,1596,0,0.18693223595619202,-1.5553665161132812,3.54819655418396,0.17981974385199093
1598,1597,0,0.1135326400399208,3.3727455139160156,3.549614667892456,0.2806038734738479
1599,1598,0,-0.13035282492637634,12.398605346679688,3.5755698680877686,0.26677222990457466
1600,1599,0,-0.06210052967071533,7.065467357635498,3.622077465057373,0.2713013415324782
1601,1600,0,-0.30676186084747314,4.030087947845459,3.6175713539123535,0.172613544774307
1602,1601,0,-0.105950266122818,4.297863960266113,3.573732614517212,0.20658117011346114
1603,1602,0,-0.19718119502067566,6.770617961883545,3.5857439041137695,0.20144196129681302
1604,1603,0,-0.10287562012672424,5.697240352630615,3.650994062423706,0.28969169733893546
1605,1604,0,0.10243088006973267,4.590735912322998,3.7041308879852295,0.39891587963452974
1606,1605,0,-0.056149646639823914,1.6680015325546265,3.6980061531066895,0.4108486897548769
1607,1606,0,-0.05146479606628418,-1.0595225095748901,3.660015344619751,0.23659347436162492
1608,1607,0,-0.13152481615543365,-3.818814277648926,3.6434717178344727,0.32727409481659964
1609,1608,0,-0.3419056236743927,-6.0803399085998535,3.6908226013183594,0.3267438170740243
1610,1609,0,-0.30498936772346497,-8.001419067382812,3.6958913803100586,0.29376808839929586
1611,1610,0,-0.14367477595806122,-8.161758422851562,3.6305105686187744,0.25533217922059154
1612,1611,0,0.35996219515800476,-5.59103536605835,3.565161943435669,0.21751108017013235
1613,1612,0,0.3454661965370178,-2.118051290512085,3.534703016281128,0.2750451134691883
1614,1613,0,0.2665780186653137,2.443153142929077,3.559481620788574,0.24161181356126993
1615,1614,0,-0.17119291424751282,9.19951343536377,3.5859432220458984,0.34523027867976824
1616,1615,0,-0.5493868589401245,10.45543098449707,3.6090235710144043,0.2555281912761415
1617,1616,0,-0.2914150357246399,6.607506275177002,3.6161015033721924,0.17337981547214695
1618,1617,0,-0.3103843927383423,4.392658710479736,3.593642473220825,0.19301810620547877
1619,1618,0,-0.1633175164461136,5.7923455238342285,3.577040672302246,0.15379460697649708
1620,1619,0,-0.12840768694877625,5.0384521484375,3.6226646900177,0.3455472032311953
1621,1620,0,0.09574226289987564,4.930690765380859,3.679699659347534,0.4441155287859242
1622,1621,0,0.06991022825241089,3.147794723510742,3.714155912399292,0.3520972456229609
1623,1622,0,0.05061081796884537,-0.6271881461143494,3.692079544067383,0.2177091332795499
1624,1623,0,-0.26373133063316345,-4.386026859283447,3.6502187252044678,0.17547601281120948
1625,1624,0,-0.41066989302635193,-7.647593021392822,3.671473503112793,0.3296331693402707
1626,1625,0,-0.2469186931848526,-8.973732948303223,3.6651804447174072,0.25001433839204207
1627,1626,0,-0.021139230579137802,-8.203655242919922,3.627976655960083,0.22697746362407897
1628,1627,0,0.3428448736667633,-6.761542797088623,3.5689549446105957,0.1372006372463599
1629,1628,0,0.4351898729801178,-3.4258053302764893,3.5408084392547607,0.17520474003938502
1630,1629,0,0.3444371819496155,0.7479889392852783,3.549231767654419,0.13640432414840578
1631,1630,0,-0.03680170327425003,7.213514804840088,3.552584648132324,0.19772261855845752
1632,1631,0,-0.7553779482841492,13.560386657714844,3.5708625316619873,0.1765739482354464
1633,1632,0,-0.21904581785202026,7.322788715362549,3.592600107192993,0.268043678686028
1634,1633,0,-0.4235163927078247,7.78606653213501,3.6065022945404053,0.1921421688225323
1635,1634,0,-0.13342829048633575,8.731510162353516,3.6021454334259033,0.24037106800705776
1636,1635,0,0.08181534707546234,7.320821285247803,3.6453819274902344,0.18527522928252185
1637,1636,0,0.3380031883716583,5.899475574493408,3.6795856952667236,0.21708468555327962
1638,1637,0,0.3201654255390167,1.2874363660812378,3.7135987281799316,0.2891775663094552
1639,1638,0,-0.06986439228057861,-2.8045456409454346,3.6995508670806885,0.14485196698478922
1640,1639,0,-0.3973533511161804,-7.674980163574219,3.6809422969818115,0.1953500882522037
1641,1640,0,-0.6266997456550598,-11.104783058166504,3.667757034301758,0.36795893696800713
1642,1641,0,-0.07098984718322754,-9.839580535888672,3.6482858657836914,0.2974614936049473
1643,1642,0,0.27243709564208984,-7.336195468902588,3.607438087463379,0.3338717354414689
1644,1643,0,0.2999834418296814,-4.881661891937256,3.577415943145752,0.3015997555789405
1645,1644,0,0.2302260398864746,-2.1304304599761963,3.542802333831787,0.2348507357084544
1646,1645,0,0.2818066477775574,2.245584726333618,3.526365041732788,0.19937471481737087
